algo,heuristic,epsilon,difficulty,instance_id,solved,cost,optimal_cost,subopt_ratio,nodes_expanded,nodes_generated,elapsed_ms
weighted_astar,manhattan,1.1,easy,0,True,20,20,1.0,55,120,0.37
weighted_astar,manhattan,1.1,easy,1,True,27,27,1.0,351,725,2.03
weighted_astar,manhattan,1.1,easy,2,True,18,18,1.0,19,41,0.11
weighted_astar,manhattan,1.1,easy,3,True,22,22,1.0,81,176,0.46
weighted_astar,manhattan,1.1,easy,4,True,22,22,1.0,99,213,0.56
weighted_astar,manhattan,1.1,easy,5,True,20,20,1.0,160,328,0.87
weighted_astar,manhattan,1.1,easy,6,True,25,25,1.0,278,567,1.51
weighted_astar,manhattan,1.1,easy,7,True,22,22,1.0,39,88,0.39
weighted_astar,manhattan,1.1,easy,8,True,24,24,1.0,1484,3010,9.43
weighted_astar,manhattan,1.1,easy,9,True,13,13,1.0,14,30,0.09
weighted_astar,manhattan,1.1,easy,10,True,21,21,1.0,55,112,0.31
weighted_astar,manhattan,1.1,easy,11,True,23,23,1.0,50,94,0.25
weighted_astar,manhattan,1.1,easy,12,True,17,17,1.0,21,50,0.13
weighted_astar,manhattan,1.1,easy,13,True,22,22,1.0,29,63,0.16
weighted_astar,manhattan,1.1,easy,14,True,28,28,1.0,1980,4003,13.42
weighted_astar,manhattan,1.1,easy,15,True,21,21,1.0,52,113,0.33
weighted_astar,manhattan,1.1,easy,16,True,27,27,1.0,485,940,2.71
weighted_astar,manhattan,1.1,easy,17,True,16,16,1.0,122,255,0.7
weighted_astar,manhattan,1.1,easy,18,True,24,24,1.0,1103,2202,7.44
weighted_astar,manhattan,1.1,easy,19,True,23,23,1.0,105,232,0.61
weighted_astar,manhattan,1.1,medium,0,True,43,43,1.0,181076,349793,1404.67
weighted_astar,manhattan,1.1,medium,1,True,30,30,1.0,2939,5986,19.82
weighted_astar,manhattan,1.1,medium,2,True,33,33,1.0,1170,2423,7.56
weighted_astar,manhattan,1.1,medium,3,True,35,35,1.0,15585,30521,104.52
weighted_astar,manhattan,1.1,medium,4,True,24,24,1.0,230,465,1.36
weighted_astar,manhattan,1.1,medium,5,True,31,31,1.0,6667,13460,44.02
weighted_astar,manhattan,1.1,medium,6,True,27,27,1.0,645,1334,3.72
weighted_astar,manhattan,1.1,medium,7,True,33,33,1.0,6693,13285,43.19
weighted_astar,manhattan,1.1,medium,8,True,41,41,1.0,40068,75986,561.09
weighted_astar,manhattan,1.1,medium,9,True,32,32,1.0,3599,7196,22.42
weighted_astar,manhattan,1.1,medium,10,True,25,25,1.0,563,1185,3.28
weighted_astar,manhattan,1.1,medium,11,True,36,36,1.0,152467,294961,1159.98
weighted_astar,manhattan,1.1,medium,12,True,26,26,1.0,4446,8862,29.21
weighted_astar,manhattan,1.1,medium,13,True,32,34,0.9412,5048,10034,33.56
weighted_astar,manhattan,1.1,medium,14,True,30,30,1.0,2211,4529,13.98
weighted_astar,manhattan,1.1,medium,15,True,31,31,1.0,1650,3290,10.26
weighted_astar,manhattan,1.1,medium,16,True,26,26,1.0,852,1761,5.12
weighted_astar,manhattan,1.1,medium,17,True,21,21,1.0,446,924,2.49
weighted_astar,manhattan,1.1,medium,18,True,38,38,1.0,123572,237202,926.26
weighted_astar,manhattan,1.1,medium,19,True,20,20,1.0,438,886,2.59
weighted_astar,manhattan,1.1,hard,0,True,36,36,1.0,16536,32855,112.49
weighted_astar,manhattan,1.1,hard,1,True,35,35,1.0,22839,44794,155.7
weighted_astar,manhattan,1.1,hard,2,True,32,32,1.0,2084,4300,13.63
weighted_astar,manhattan,1.1,hard,3,True,49,49,1.0,1253064,2340994,11303.05
weighted_astar,manhattan,1.1,hard,4,True,36,36,1.0,8601,16749,126.81
weighted_astar,manhattan,1.1,hard,5,True,40,40,1.0,163957,315951,1513.65
weighted_astar,manhattan,1.1,hard,6,True,42,42,1.0,113394,220515,904.31
weighted_astar,manhattan,1.1,hard,7,True,43,43,1.0,77008,150577,581.79
weighted_astar,manhattan,1.1,hard,8,True,39,41,0.9512,5553,10771,34.85
weighted_astar,manhattan,1.1,hard,9,True,38,38,1.0,29510,58023,203.18
weighted_astar,manhattan,1.1,hard,10,True,39,39,1.0,41531,83053,300.23
weighted_astar,manhattan,1.1,hard,11,True,45,45,1.0,574689,1080109,5350.23
weighted_astar,manhattan,1.1,hard,12,True,34,34,1.0,714,1420,4.22
weighted_astar,manhattan,1.1,hard,13,True,42,42,1.0,86298,166499,634.87
weighted_astar,manhattan,1.1,hard,14,True,42,42,1.0,88599,170302,593.32
weighted_astar,manhattan,1.1,hard,15,True,30,30,1.0,8212,16135,48.01
weighted_astar,manhattan,1.1,hard,16,True,31,31,1.0,655,1301,3.72
weighted_astar,manhattan,1.1,hard,17,True,34,34,1.0,16730,32961,110.71
weighted_astar,manhattan,1.1,hard,18,True,32,32,1.0,40229,79974,252.75
weighted_astar,manhattan,1.1,hard,19,True,30,30,1.0,5088,10238,31.0
focal_search,manhattan,1.1,easy,0,True,22,20,1.1,145,304,1.41
focal_search,manhattan,1.1,easy,1,True,27,27,1.0,486,728,5.38
focal_search,manhattan,1.1,easy,2,True,18,18,1.0,19,41,0.19
focal_search,manhattan,1.1,easy,3,True,22,22,1.0,81,176,0.81
focal_search,manhattan,1.1,easy,4,True,22,22,1.0,93,200,0.85
focal_search,manhattan,1.1,easy,5,True,20,20,1.0,311,328,1.97
focal_search,manhattan,1.1,easy,6,True,25,25,1.0,377,567,3.33
focal_search,manhattan,1.1,easy,7,True,24,22,1.0909,28,67,0.28
focal_search,manhattan,1.1,easy,8,True,24,24,1.0,2028,3017,18.12
focal_search,manhattan,1.1,easy,9,True,13,13,1.0,14,30,0.13
focal_search,manhattan,1.1,easy,10,True,21,21,1.0,102,112,0.66
focal_search,manhattan,1.1,easy,11,True,23,23,1.0,50,94,0.48
focal_search,manhattan,1.1,easy,12,True,17,17,1.0,24,50,0.21
focal_search,manhattan,1.1,easy,13,True,22,22,1.0,40,85,0.42
focal_search,manhattan,1.1,easy,14,True,28,28,1.0,3054,4006,31.89
focal_search,manhattan,1.1,easy,15,True,21,21,1.0,104,175,0.85
focal_search,manhattan,1.1,easy,16,True,27,27,1.0,717,940,7.68
focal_search,manhattan,1.1,easy,17,True,16,16,1.0,164,255,1.29
focal_search,manhattan,1.1,easy,18,True,24,24,1.0,1407,2205,12.0
focal_search,manhattan,1.1,easy,19,True,23,23,1.0,139,300,1.85
focal_search,manhattan,1.1,medium,0,True,43,43,1.0,345559,439718,4958.57
focal_search,manhattan,1.1,medium,1,True,30,30,1.0,4445,5986,67.47
focal_search,manhattan,1.1,medium,2,True,33,33,1.0,1604,2423,24.77
focal_search,manhattan,1.1,medium,3,True,35,35,1.0,23540,30521,258.75
focal_search,manhattan,1.1,medium,4,True,24,24,1.0,304,474,3.02
focal_search,manhattan,1.1,medium,5,True,31,31,1.0,9040,13460,87.2
focal_search,manhattan,1.1,medium,6,True,27,27,1.0,963,1334,9.61
focal_search,manhattan,1.1,medium,7,True,33,33,1.0,10017,13330,129.35
focal_search,manhattan,1.1,medium,8,True,41,41,1.0,59689,78579,752.77
focal_search,manhattan,1.1,medium,9,True,32,32,1.0,5585,7196,63.38
focal_search,manhattan,1.1,medium,10,True,25,25,1.0,729,1185,7.1
focal_search,manhattan,1.1,medium,11,True,36,36,1.0,250798,294964,3150.02
focal_search,manhattan,1.1,medium,12,True,26,26,1.0,6451,8868,77.71
focal_search,manhattan,1.1,medium,13,True,32,34,0.9412,7516,10034,110.39
focal_search,manhattan,1.1,medium,14,True,30,30,1.0,3504,4529,54.3
focal_search,manhattan,1.1,medium,15,True,31,31,1.0,2354,3290,26.4
focal_search,manhattan,1.1,medium,16,True,26,26,1.0,1027,1761,11.26
focal_search,manhattan,1.1,medium,17,True,21,21,1.0,875,1001,8.63
focal_search,manhattan,1.1,medium,18,True,38,38,1.0,186028,237204,2216.13
focal_search,manhattan,1.1,medium,19,True,20,20,1.0,1299,2281,12.46
focal_search,manhattan,1.1,hard,0,True,36,36,1.0,23995,32855,345.28
focal_search,manhattan,1.1,hard,1,True,35,35,1.0,35654,44794,401.52
focal_search,manhattan,1.1,hard,2,True,32,32,1.0,3019,4300,29.88
focal_search,manhattan,1.1,hard,3,True,49,49,1.0,2171785,3038887,36191.08
focal_search,manhattan,1.1,hard,4,True,36,36,1.0,12121,16749,137.97
focal_search,manhattan,1.1,hard,5,True,40,40,1.0,257860,320097,3356.29
focal_search,manhattan,1.1,hard,6,True,42,42,1.0,185282,243071,2528.27
focal_search,manhattan,1.1,hard,7,True,43,43,1.0,110459,161116,1582.13
focal_search,manhattan,1.1,hard,8,True,39,41,0.9512,7896,10771,87.98
focal_search,manhattan,1.1,hard,9,True,38,38,1.0,45439,58023,512.74
focal_search,manhattan,1.1,hard,10,True,39,39,1.0,64219,90333,784.07
focal_search,manhattan,1.1,hard,11,True,45,45,1.0,268544,334602,3328.89
focal_search,manhattan,1.1,hard,12,True,34,34,1.0,877,1420,9.08
focal_search,manhattan,1.1,hard,13,True,44,42,1.0476,130740,166885,1551.68
focal_search,manhattan,1.1,hard,14,True,42,42,1.0,141969,182502,1720.38
focal_search,manhattan,1.1,hard,15,True,30,30,1.0,11516,16135,102.79
focal_search,manhattan,1.1,hard,16,True,31,31,1.0,815,1301,7.78
focal_search,manhattan,1.1,hard,17,True,34,34,1.0,26368,32961,286.27
focal_search,manhattan,1.1,hard,18,True,32,32,1.0,67562,79974,708.24
focal_search,manhattan,1.1,hard,19,True,30,30,1.0,7962,10238,76.6
ees,manhattan,1.1,easy,0,True,22,20,1.1,53,79,1.18
ees,manhattan,1.1,easy,1,True,27,27,1.0,1451,2530,46.19
ees,manhattan,1.1,easy,2,True,18,18,1.0,19,41,0.33
ees,manhattan,1.1,easy,3,True,22,22,1.0,81,176,1.61
ees,manhattan,1.1,easy,4,True,22,22,1.0,93,200,2.54
ees,manhattan,1.1,easy,5,True,22,20,1.1,1429,2269,28.49
ees,manhattan,1.1,easy,6,True,25,25,1.0,1264,1807,20.77
ees,manhattan,1.1,easy,7,True,24,22,1.0909,28,67,0.97
ees,manhattan,1.1,easy,8,True,24,24,1.0,2115,2869,35.87
ees,manhattan,1.1,easy,9,True,13,13,1.0,14,30,0.25
ees,manhattan,1.1,easy,10,True,23,21,1.0952,297,407,3.73
ees,manhattan,1.1,easy,11,True,23,23,1.0,50,94,0.87
ees,manhattan,1.1,easy,12,True,17,17,1.0,31,58,0.47
ees,manhattan,1.1,easy,13,True,22,22,1.0,40,85,0.94
ees,manhattan,1.1,easy,14,True,28,28,1.0,7296,12900,148.84
ees,manhattan,1.1,easy,15,True,21,21,1.0,613,1126,9.61
ees,manhattan,1.1,easy,16,True,27,27,1.0,1858,3065,32.84
ees,manhattan,1.1,easy,17,True,16,16,1.0,139,146,1.25
ees,manhattan,1.1,easy,18,True,24,24,1.0,1386,2032,19.07
ees,manhattan,1.1,easy,19,True,23,23,1.0,139,300,2.18
ees,manhattan,1.1,medium,0,True,43,43,1.0,287458,430895,4595.33
ees,manhattan,1.1,medium,1,True,30,30,1.0,11155,20660,185.83
ees,manhattan,1.1,medium,2,True,33,33,1.0,4664,8519,75.2
ees,manhattan,1.1,medium,3,True,35,35,1.0,53466,95065,868.46
ees,manhattan,1.1,medium,4,True,24,24,1.0,990,1493,12.44
ees,manhattan,1.1,medium,5,True,31,31,1.0,8585,15754,137.8
ees,manhattan,1.1,medium,6,True,27,27,1.0,2592,4506,41.39
ees,manhattan,1.1,medium,7,True,33,33,1.0,8435,13071,122.89
ees,manhattan,1.1,medium,8,True,41,41,1.0,182489,315347,3167.32
ees,manhattan,1.1,medium,9,True,32,32,1.0,13757,24810,208.74
ees,manhattan,1.1,medium,10,True,25,25,1.0,1576,2445,20.51
ees,manhattan,1.1,medium,11,True,36,36,1.0,505559,849265,8645.45
ees,manhattan,1.1,medium,12,True,26,26,1.0,6550,10720,90.05
ees,manhattan,1.1,medium,13,True,32,34,0.9412,21090,38459,346.16
ees,manhattan,1.1,medium,14,True,30,30,1.0,6853,12520,111.92
ees,manhattan,1.1,medium,15,True,31,31,1.0,6059,11140,100.47
ees,manhattan,1.1,medium,16,True,26,26,1.0,1267,2036,18.31
ees,manhattan,1.1,medium,17,True,23,21,1.0952,1087,1044,8.79
ees,manhattan,1.1,medium,18,True,38,38,1.0,234341,401498,3896.45
ees,manhattan,1.1,medium,19,True,20,20,1.0,645,807,7.52
ees,manhattan,1.1,hard,0,True,36,36,1.0,69377,126312,1179.91
ees,manhattan,1.1,hard,1,True,35,35,1.0,82214,144809,1331.1
ees,manhattan,1.1,hard,2,True,32,32,1.0,6152,11541,100.56
ees,manhattan,1.1,hard,3,False,,49,,3198588,5592417,60101.01
ees,manhattan,1.1,hard,4,True,36,36,1.0,38355,69694,685.17
ees,manhattan,1.1,hard,5,True,40,40,1.0,617729,1062898,11273.3
ees,manhattan,1.1,hard,6,True,42,42,1.0,514154,906768,9849.62
ees,manhattan,1.1,hard,7,True,43,43,1.0,397305,724428,7439.34
ees,manhattan,1.1,hard,8,True,39,41,0.9512,25632,46561,429.47
ees,manhattan,1.1,hard,9,True,38,38,1.0,108700,192337,1782.95
ees,manhattan,1.1,hard,10,True,39,39,1.0,196111,360727,3411.41
ees,manhattan,1.1,hard,11,True,45,45,1.0,2253467,3977394,39419.0
ees,manhattan,1.1,hard,12,True,34,34,1.0,1931,3133,24.09
ees,manhattan,1.1,hard,13,True,42,42,1.0,345722,604784,5629.99
ees,manhattan,1.1,hard,14,True,44,42,1.0476,388743,676393,6004.54
ees,manhattan,1.1,hard,15,True,30,30,1.0,10459,18299,142.53
ees,manhattan,1.1,hard,16,True,31,31,1.0,1326,1995,15.11
ees,manhattan,1.1,hard,17,True,34,34,1.0,59777,105610,853.33
ees,manhattan,1.1,hard,18,True,32,32,1.0,120467,208212,1717.01
ees,manhattan,1.1,hard,19,True,30,30,1.0,11068,19753,150.81
weighted_astar,manhattan,1.5,easy,0,True,22,20,1.1,150,327,0.91
weighted_astar,manhattan,1.5,easy,1,True,27,27,1.0,139,296,0.77
weighted_astar,manhattan,1.5,easy,2,True,18,18,1.0,19,41,0.1
weighted_astar,manhattan,1.5,easy,3,True,24,22,1.0909,95,202,0.51
weighted_astar,manhattan,1.5,easy,4,True,22,22,1.0,166,352,0.9
weighted_astar,manhattan,1.5,easy,5,True,20,20,1.0,119,246,0.62
weighted_astar,manhattan,1.5,easy,6,True,25,25,1.0,151,316,0.9
weighted_astar,manhattan,1.5,easy,7,True,24,22,1.0909,28,67,0.17
weighted_astar,manhattan,1.5,easy,8,True,24,24,1.0,2041,4133,14.11
weighted_astar,manhattan,1.5,easy,9,True,13,13,1.0,14,30,0.1
weighted_astar,manhattan,1.5,easy,10,True,21,21,1.0,26,54,0.15
weighted_astar,manhattan,1.5,easy,11,True,23,23,1.0,56,109,0.32
weighted_astar,manhattan,1.5,easy,12,True,17,17,1.0,21,50,0.12
weighted_astar,manhattan,1.5,easy,13,True,22,22,1.0,29,63,0.16
weighted_astar,manhattan,1.5,easy,14,True,28,28,1.0,1841,3844,11.61
weighted_astar,manhattan,1.5,easy,15,True,21,21,1.0,62,136,0.34
weighted_astar,manhattan,1.5,easy,16,True,27,27,1.0,170,343,0.87
weighted_astar,manhattan,1.5,easy,17,True,16,16,1.0,162,340,0.88
weighted_astar,manhattan,1.5,easy,18,True,30,24,1.25,3602,7228,22.67
weighted_astar,manhattan,1.5,easy,19,True,23,23,1.0,189,403,1.1
weighted_astar,manhattan,1.5,medium,0,True,43,43,1.0,5593,11347,35.79
weighted_astar,manhattan,1.5,medium,1,True,32,30,1.0667,2054,4246,13.03
weighted_astar,manhattan,1.5,medium,2,True,37,33,1.1212,764,1626,4.33
weighted_astar,manhattan,1.5,medium,3,True,37,35,1.0571,8014,16131,47.59
weighted_astar,manhattan,1.5,medium,4,True,24,24,1.0,138,283,0.75
weighted_astar,manhattan,1.5,medium,5,True,35,31,1.129,2583,5348,15.35
weighted_astar,manhattan,1.5,medium,6,True,27,27,1.0,1050,2196,6.08
weighted_astar,manhattan,1.5,medium,7,True,35,33,1.0606,3711,7632,22.09
weighted_astar,manhattan,1.5,medium,8,True,41,41,1.0,3462,7032,20.56
weighted_astar,manhattan,1.5,medium,9,True,34,32,1.0625,944,1925,5.21
weighted_astar,manhattan,1.5,medium,10,True,27,25,1.08,243,521,1.4
weighted_astar,manhattan,1.5,medium,11,True,36,36,1.0,55491,109052,355.33
weighted_astar,manhattan,1.5,medium,12,True,28,26,1.0769,4027,8107,25.74
weighted_astar,manhattan,1.5,medium,13,True,34,34,1.0,2112,4311,12.16
weighted_astar,manhattan,1.5,medium,14,True,30,30,1.0,2021,4113,12.6
weighted_astar,manhattan,1.5,medium,15,True,35,31,1.129,4515,9218,27.2
weighted_astar,manhattan,1.5,medium,16,True,32,26,1.2308,2197,4601,15.52
weighted_astar,manhattan,1.5,medium,17,True,21,21,1.0,338,701,1.91
weighted_astar,manhattan,1.5,medium,18,True,40,38,1.0526,30374,59348,200.61
weighted_astar,manhattan,1.5,medium,19,True,20,20,1.0,843,1705,4.99
weighted_astar,manhattan,1.5,hard,0,True,36,36,1.0,2113,4334,13.15
weighted_astar,manhattan,1.5,hard,1,True,35,35,1.0,7976,15955,53.94
weighted_astar,manhattan,1.5,hard,2,True,32,32,1.0,4188,8542,25.78
weighted_astar,manhattan,1.5,hard,3,True,51,49,1.0408,84884,165617,642.6
weighted_astar,manhattan,1.5,hard,4,True,36,36,1.0,5902,11999,42.84
weighted_astar,manhattan,1.5,hard,5,True,40,40,1.0,52203,103067,408.61
weighted_astar,manhattan,1.5,hard,6,True,46,42,1.0952,32951,66344,238.84
weighted_astar,manhattan,1.5,hard,7,True,47,43,1.093,4432,9182,27.95
weighted_astar,manhattan,1.5,hard,8,True,41,41,1.0,2496,5031,16.3
weighted_astar,manhattan,1.5,hard,9,True,40,38,1.0526,14136,28262,96.48
weighted_astar,manhattan,1.5,hard,10,True,41,39,1.0513,8985,18291,58.87
weighted_astar,manhattan,1.5,hard,11,True,45,45,1.0,31544,61524,224.47
weighted_astar,manhattan,1.5,hard,12,True,40,34,1.1765,744,1505,4.89
weighted_astar,manhattan,1.5,hard,13,True,42,42,1.0,15475,30835,116.57
weighted_astar,manhattan,1.5,hard,14,True,42,42,1.0,5076,10143,35.74
weighted_astar,manhattan,1.5,hard,15,True,32,30,1.0667,11477,22672,83.84
weighted_astar,manhattan,1.5,hard,16,True,35,31,1.129,1353,2802,8.78
weighted_astar,manhattan,1.5,hard,17,True,34,34,1.0,5313,10748,36.25
weighted_astar,manhattan,1.5,hard,18,True,32,32,1.0,26354,52902,198.32
weighted_astar,manhattan,1.5,hard,19,True,32,30,1.0667,4596,9293,29.26
focal_search,manhattan,1.5,easy,0,True,22,20,1.1,1233,2525,12.52
focal_search,manhattan,1.5,easy,1,True,31,27,1.1481,333,694,3.21
focal_search,manhattan,1.5,easy,2,True,18,18,1.0,19,41,0.22
focal_search,manhattan,1.5,easy,3,True,26,22,1.1818,78,175,0.87
focal_search,manhattan,1.5,easy,4,True,30,22,1.3636,94,201,1.04
focal_search,manhattan,1.5,easy,5,True,20,20,1.0,25,53,0.37
focal_search,manhattan,1.5,easy,6,True,27,25,1.08,239,501,2.88
focal_search,manhattan,1.5,easy,7,True,24,22,1.0909,28,67,0.36
focal_search,manhattan,1.5,easy,8,True,24,24,1.0,1473,2702,14.97
focal_search,manhattan,1.5,easy,9,True,13,13,1.0,14,30,0.18
focal_search,manhattan,1.5,easy,10,True,21,21,1.0,24,51,0.29
focal_search,manhattan,1.5,easy,11,True,23,23,1.0,922,1879,9.72
focal_search,manhattan,1.5,easy,12,True,17,17,1.0,21,50,0.27
focal_search,manhattan,1.5,easy,13,True,26,22,1.1818,151,321,1.55
focal_search,manhattan,1.5,easy,14,True,28,28,1.0,2005,3952,30.26
focal_search,manhattan,1.5,easy,15,True,21,21,1.0,22,46,0.28
focal_search,manhattan,1.5,easy,16,True,27,27,1.0,97,208,1.03
focal_search,manhattan,1.5,easy,17,True,18,16,1.125,183,382,1.95
focal_search,manhattan,1.5,easy,18,True,26,24,1.0833,1932,3912,20.34
focal_search,manhattan,1.5,easy,19,True,27,23,1.1739,807,1649,8.1
focal_search,manhattan,1.5,medium,0,True,43,43,1.0,61122,117712,956.95
focal_search,manhattan,1.5,medium,1,True,30,30,1.0,7038,14298,75.8
focal_search,manhattan,1.5,medium,2,True,39,33,1.1818,1362,2853,14.8
focal_search,manhattan,1.5,medium,3,True,37,35,1.0571,1116,2262,12.17
focal_search,manhattan,1.5,medium,4,True,30,24,1.25,615,1302,6.33
focal_search,manhattan,1.5,medium,5,True,31,31,1.0,23385,46469,248.44
focal_search,manhattan,1.5,medium,6,True,31,27,1.1481,1731,3570,17.37
focal_search,manhattan,1.5,medium,7,True,33,33,1.0,7009,13935,97.07
focal_search,manhattan,1.5,medium,8,True,45,41,1.0976,45028,88873,465.76
focal_search,manhattan,1.5,medium,9,True,32,32,1.0,61,129,0.71
focal_search,manhattan,1.5,medium,10,True,27,25,1.08,563,1196,5.91
focal_search,manhattan,1.5,medium,11,True,36,36,1.0,80781,118237,909.61
focal_search,manhattan,1.5,medium,12,True,26,26,1.0,5821,8849,49.2
focal_search,manhattan,1.5,medium,13,True,32,34,0.9412,8584,17241,79.25
focal_search,manhattan,1.5,medium,14,True,30,30,1.0,3483,7086,32.9
focal_search,manhattan,1.5,medium,15,True,33,31,1.0645,4448,8854,39.67
focal_search,manhattan,1.5,medium,16,True,32,26,1.2308,1208,2475,11.04
focal_search,manhattan,1.5,medium,17,True,21,21,1.0,621,936,5.91
focal_search,manhattan,1.5,medium,18,True,38,38,1.0,227308,434975,2184.66
focal_search,manhattan,1.5,medium,19,True,20,20,1.0,449,914,4.17
focal_search,manhattan,1.5,hard,0,True,38,36,1.0556,13137,26403,133.29
focal_search,manhattan,1.5,hard,1,True,35,35,1.0,32041,48826,359.77
focal_search,manhattan,1.5,hard,2,True,38,32,1.1875,85852,171791,878.91
focal_search,manhattan,1.5,hard,3,False,,49,,4981355,9205672,60000.01
focal_search,manhattan,1.5,hard,4,True,38,36,1.0556,7762,15587,83.61
focal_search,manhattan,1.5,hard,5,True,40,40,1.0,178725,344123,2729.68
focal_search,manhattan,1.5,hard,6,True,44,42,1.0476,208888,408377,2330.12
focal_search,manhattan,1.5,hard,7,True,49,43,1.1395,463804,898572,5299.88
focal_search,manhattan,1.5,hard,8,True,43,41,1.0488,123217,238434,1349.66
focal_search,manhattan,1.5,hard,9,True,40,38,1.0526,25738,51418,285.69
focal_search,manhattan,1.5,hard,10,True,43,39,1.1026,17806,36005,194.74
focal_search,manhattan,1.5,hard,11,True,45,45,1.0,701824,1241532,11525.57
focal_search,manhattan,1.5,hard,12,True,40,34,1.1765,1306,2658,16.58
focal_search,manhattan,1.5,hard,13,True,42,42,1.0,244516,440207,2977.27
focal_search,manhattan,1.5,hard,14,True,42,42,1.0,297135,569913,3363.57
focal_search,manhattan,1.5,hard,15,True,32,30,1.0667,3791,7634,38.76
focal_search,manhattan,1.5,hard,16,True,39,31,1.2581,6139,12257,62.33
focal_search,manhattan,1.5,hard,17,True,36,34,1.0588,21729,33465,266.84
focal_search,manhattan,1.5,hard,18,True,32,32,1.0,51334,81438,642.49
focal_search,manhattan,1.5,hard,19,True,30,30,1.0,5541,9949,56.95
ees,manhattan,1.5,easy,0,True,22,20,1.1,1255,2570,19.57
ees,manhattan,1.5,easy,1,True,31,27,1.1481,333,694,6.43
ees,manhattan,1.5,easy,2,True,18,18,1.0,19,41,0.3
ees,manhattan,1.5,easy,3,True,26,22,1.1818,78,175,1.42
ees,manhattan,1.5,easy,4,True,30,22,1.3636,94,201,1.73
ees,manhattan,1.5,easy,5,True,20,20,1.0,25,53,0.42
ees,manhattan,1.5,easy,6,True,27,25,1.08,239,501,3.54
ees,manhattan,1.5,easy,7,True,24,22,1.0909,28,67,0.46
ees,manhattan,1.5,easy,8,True,24,24,1.0,2058,3734,30.88
ees,manhattan,1.5,easy,9,True,13,13,1.0,14,30,0.22
ees,manhattan,1.5,easy,10,True,21,21,1.0,24,51,0.39
ees,manhattan,1.5,easy,11,True,29,23,1.2609,604,1260,8.85
ees,manhattan,1.5,easy,12,True,17,17,1.0,21,50,0.34
ees,manhattan,1.5,easy,13,True,26,22,1.1818,151,321,3.09
ees,manhattan,1.5,easy,14,True,28,28,1.0,8563,13002,113.93
ees,manhattan,1.5,easy,15,True,21,21,1.0,22,46,0.35
ees,manhattan,1.5,easy,16,True,27,27,1.0,97,208,1.47
ees,manhattan,1.5,easy,17,True,18,16,1.125,183,382,2.67
ees,manhattan,1.5,easy,18,True,26,24,1.0833,2271,4599,34.17
ees,manhattan,1.5,easy,19,True,27,23,1.1739,820,1676,12.18
ees,manhattan,1.5,medium,0,True,43,43,1.0,291568,441448,4138.5
ees,manhattan,1.5,medium,1,True,30,30,1.0,7060,14337,107.29
ees,manhattan,1.5,medium,2,True,39,33,1.1818,1362,2853,21.4
ees,manhattan,1.5,medium,3,True,37,35,1.0571,1116,2262,16.17
ees,manhattan,1.5,medium,4,True,30,24,1.25,615,1302,8.85
ees,manhattan,1.5,medium,5,True,31,31,1.0,23385,46469,338.64
ees,manhattan,1.5,medium,6,True,31,27,1.1481,1755,3615,26.01
ees,manhattan,1.5,medium,7,True,33,33,1.0,31781,48567,396.35
ees,manhattan,1.5,medium,8,True,45,41,1.0976,46561,91813,700.58
ees,manhattan,1.5,medium,9,True,32,32,1.0,61,129,0.93
ees,manhattan,1.5,medium,10,True,27,25,1.08,563,1196,9.15
ees,manhattan,1.5,medium,11,True,36,36,1.0,474386,853392,7539.39
ees,manhattan,1.5,medium,12,True,26,26,1.0,7325,10820,88.35
ees,manhattan,1.5,medium,13,True,32,34,0.9412,8622,17312,123.83
ees,manhattan,1.5,medium,14,True,30,30,1.0,3515,7147,51.56
ees,manhattan,1.5,medium,15,True,33,31,1.0645,4448,8854,64.04
ees,manhattan,1.5,medium,16,True,32,26,1.2308,1208,2475,18.17
ees,manhattan,1.5,medium,17,True,21,21,1.0,1188,2162,16.09
ees,manhattan,1.5,medium,18,True,38,38,1.0,239938,458187,3835.56
ees,manhattan,1.5,medium,19,True,20,20,1.0,449,914,6.8
ees,manhattan,1.5,hard,0,True,38,36,1.0556,15164,30359,228.04
ees,manhattan,1.5,hard,1,True,35,35,1.0,82570,145620,1289.15
ees,manhattan,1.5,hard,2,True,38,32,1.1875,90049,180104,1433.86
ees,manhattan,1.5,hard,3,False,,49,,3239449,5972040,60000.02
ees,manhattan,1.5,hard,4,True,38,36,1.0556,8534,17100,125.44
ees,manhattan,1.5,hard,5,True,40,40,1.0,758161,1110551,10403.16
ees,manhattan,1.5,hard,6,True,44,42,1.0476,224388,437850,3369.36
ees,manhattan,1.5,hard,7,True,49,43,1.1395,499897,966912,7628.18
ees,manhattan,1.5,hard,8,True,43,41,1.0488,130319,251810,1916.73
ees,manhattan,1.5,hard,9,True,40,38,1.0526,26409,52702,388.71
ees,manhattan,1.5,hard,10,True,43,39,1.1026,17806,36005,263.85
ees,manhattan,1.5,hard,11,True,45,45,1.0,2257242,3986737,36615.39
ees,manhattan,1.5,hard,12,True,40,34,1.1765,1306,2658,18.62
ees,manhattan,1.5,hard,13,True,42,42,1.0,347086,608643,5311.82
ees,manhattan,1.5,hard,14,True,42,42,1.0,323511,619814,4776.2
ees,manhattan,1.5,hard,15,True,32,30,1.0667,3796,7644,55.27
ees,manhattan,1.5,hard,16,True,39,31,1.2581,6255,12486,88.58
ees,manhattan,1.5,hard,17,True,34,34,1.0,59976,106090,849.44
ees,manhattan,1.5,hard,18,True,32,32,1.0,109481,208270,1691.24
ees,manhattan,1.5,hard,19,True,30,30,1.0,11014,19795,153.22
weighted_astar,manhattan,2.0,easy,0,True,22,20,1.1,852,1748,4.89
weighted_astar,manhattan,2.0,easy,1,True,27,27,1.0,257,551,1.59
weighted_astar,manhattan,2.0,easy,2,True,18,18,1.0,19,41,0.25
weighted_astar,manhattan,2.0,easy,3,True,26,22,1.1818,55,122,0.32
weighted_astar,manhattan,2.0,easy,4,True,26,22,1.1818,379,779,2.86
weighted_astar,manhattan,2.0,easy,5,True,20,20,1.0,63,133,0.38
weighted_astar,manhattan,2.0,easy,6,True,25,25,1.0,118,248,1.34
weighted_astar,manhattan,2.0,easy,7,True,24,22,1.0909,28,67,0.28
weighted_astar,manhattan,2.0,easy,8,True,26,24,1.0833,1964,4017,13.2
weighted_astar,manhattan,2.0,easy,9,True,13,13,1.0,14,30,0.08
weighted_astar,manhattan,2.0,easy,10,True,21,21,1.0,24,51,0.13
weighted_astar,manhattan,2.0,easy,11,True,23,23,1.0,77,162,0.41
weighted_astar,manhattan,2.0,easy,12,True,17,17,1.0,21,50,0.16
weighted_astar,manhattan,2.0,easy,13,True,22,22,1.0,43,91,0.24
weighted_astar,manhattan,2.0,easy,14,True,30,28,1.0714,1187,2496,6.5
weighted_astar,manhattan,2.0,easy,15,True,21,21,1.0,78,171,0.44
weighted_astar,manhattan,2.0,easy,16,True,27,27,1.0,102,207,0.52
weighted_astar,manhattan,2.0,easy,17,True,20,16,1.25,198,416,1.03
weighted_astar,manhattan,2.0,easy,18,True,32,24,1.3333,2999,6080,17.23
weighted_astar,manhattan,2.0,easy,19,True,27,23,1.1739,246,517,1.35
weighted_astar,manhattan,2.0,medium,0,True,47,43,1.093,7460,15068,48.16
weighted_astar,manhattan,2.0,medium,1,True,32,30,1.0667,1758,3663,9.85
weighted_astar,manhattan,2.0,medium,2,True,41,33,1.2424,183,391,1.28
weighted_astar,manhattan,2.0,medium,3,True,41,35,1.1714,366,765,2.01
weighted_astar,manhattan,2.0,medium,4,True,24,24,1.0,42,90,0.22
weighted_astar,manhattan,2.0,medium,5,True,37,31,1.1935,6573,13398,38.7
weighted_astar,manhattan,2.0,medium,6,True,33,27,1.2222,1496,3128,8.51
weighted_astar,manhattan,2.0,medium,7,True,37,33,1.1212,7703,15953,46.71
weighted_astar,manhattan,2.0,medium,8,True,45,41,1.0976,8352,16937,50.76
weighted_astar,manhattan,2.0,medium,9,True,32,32,1.0,251,518,1.43
weighted_astar,manhattan,2.0,medium,10,True,27,25,1.08,226,487,1.27
weighted_astar,manhattan,2.0,medium,11,True,38,36,1.0556,19010,38153,120.72
weighted_astar,manhattan,2.0,medium,12,True,30,26,1.1538,1843,3821,10.67
weighted_astar,manhattan,2.0,medium,13,True,34,34,1.0,1530,3146,9.15
weighted_astar,manhattan,2.0,medium,14,True,30,30,1.0,7028,14336,42.53
weighted_astar,manhattan,2.0,medium,15,True,35,31,1.129,6778,13876,41.11
weighted_astar,manhattan,2.0,medium,16,True,32,26,1.2308,691,1439,4.07
weighted_astar,manhattan,2.0,medium,17,True,21,21,1.0,279,583,1.5
weighted_astar,manhattan,2.0,medium,18,True,42,38,1.1053,10497,21018,63.77
weighted_astar,manhattan,2.0,medium,19,True,20,20,1.0,2447,4919,14.39
weighted_astar,manhattan,2.0,hard,0,True,46,36,1.2778,6417,13098,41.57
weighted_astar,manhattan,2.0,hard,1,True,35,35,1.0,4271,8752,26.24
weighted_astar,manhattan,2.0,hard,2,True,48,32,1.5,20993,42094,129.1
weighted_astar,manhattan,2.0,hard,3,True,51,49,1.0408,9474,19068,56.92
weighted_astar,manhattan,2.0,hard,4,True,42,36,1.1667,1587,3281,9.08
weighted_astar,manhattan,2.0,hard,5,True,44,40,1.1,10270,20791,59.79
weighted_astar,manhattan,2.0,hard,6,True,50,42,1.1905,22522,45344,143.39
weighted_astar,manhattan,2.0,hard,7,True,51,43,1.186,30014,61262,181.83
weighted_astar,manhattan,2.0,hard,8,True,47,41,1.1463,4698,9442,26.75
weighted_astar,manhattan,2.0,hard,9,True,42,38,1.1053,1997,4059,11.05
weighted_astar,manhattan,2.0,hard,10,True,41,39,1.0513,28510,57980,176.79
weighted_astar,manhattan,2.0,hard,11,True,51,45,1.1333,39338,76900,236.69
weighted_astar,manhattan,2.0,hard,12,True,40,34,1.1765,324,668,1.76
weighted_astar,manhattan,2.0,hard,13,True,48,42,1.1429,5864,11908,33.47
weighted_astar,manhattan,2.0,hard,14,True,46,42,1.0952,1862,3782,9.99
weighted_astar,manhattan,2.0,hard,15,True,38,30,1.2667,4770,9739,26.77
weighted_astar,manhattan,2.0,hard,16,True,35,31,1.129,392,814,2.07
weighted_astar,manhattan,2.0,hard,17,True,34,34,1.0,604,1273,3.23
weighted_astar,manhattan,2.0,hard,18,True,34,32,1.0625,10248,20881,60.58
weighted_astar,manhattan,2.0,hard,19,True,32,30,1.0667,5502,11163,31.09
focal_search,manhattan,2.0,easy,0,True,36,20,1.8,2967,6047,34.7
focal_search,manhattan,2.0,easy,1,True,41,27,1.5185,2651,5387,25.26
focal_search,manhattan,2.0,easy,2,True,18,18,1.0,19,41,0.22
focal_search,manhattan,2.0,easy,3,True,26,22,1.1818,109,245,1.2
focal_search,manhattan,2.0,easy,4,True,40,22,1.8182,176,369,1.76
focal_search,manhattan,2.0,easy,5,True,20,20,1.0,25,53,0.27
focal_search,manhattan,2.0,easy,6,True,37,25,1.48,597,1231,5.7
focal_search,manhattan,2.0,easy,7,True,24,22,1.0909,28,67,0.36
focal_search,manhattan,2.0,easy,8,True,28,24,1.1667,3000,6110,28.12
focal_search,manhattan,2.0,easy,9,True,13,13,1.0,14,30,0.16
focal_search,manhattan,2.0,easy,10,True,21,21,1.0,24,51,0.26
focal_search,manhattan,2.0,easy,11,True,41,23,1.7826,1035,2113,9.68
focal_search,manhattan,2.0,easy,12,True,17,17,1.0,21,50,0.25
focal_search,manhattan,2.0,easy,13,True,40,22,1.8182,385,798,3.93
focal_search,manhattan,2.0,easy,14,True,34,28,1.2143,8160,16237,76.44
focal_search,manhattan,2.0,easy,15,True,21,21,1.0,22,46,0.24
focal_search,manhattan,2.0,easy,16,True,41,27,1.5185,272,583,2.76
focal_search,manhattan,2.0,easy,17,True,20,16,1.25,73,161,0.79
focal_search,manhattan,2.0,easy,18,True,36,24,1.5,371,787,3.77
focal_search,manhattan,2.0,easy,19,True,37,23,1.6087,494,1037,4.85
focal_search,manhattan,2.0,medium,0,True,53,43,1.2326,203100,395415,1988.4
focal_search,manhattan,2.0,medium,1,True,40,30,1.3333,8162,16763,79.02
focal_search,manhattan,2.0,medium,2,True,47,33,1.4242,18492,37208,174.86
focal_search,manhattan,2.0,medium,3,True,45,35,1.2857,2526,5169,24.87
focal_search,manhattan,2.0,medium,4,True,38,24,1.5833,299,629,2.92
focal_search,manhattan,2.0,medium,5,True,43,31,1.3871,2566,5236,24.71
focal_search,manhattan,2.0,medium,6,True,39,27,1.4444,181,393,1.92
focal_search,manhattan,2.0,medium,7,True,41,33,1.2424,350,744,3.47
focal_search,manhattan,2.0,medium,8,True,59,41,1.439,429,880,5.66
focal_search,manhattan,2.0,medium,9,True,44,32,1.375,204,440,2.05
focal_search,manhattan,2.0,medium,10,True,37,25,1.48,6401,12905,64.09
focal_search,manhattan,2.0,medium,11,True,40,36,1.1111,4311,8845,41.05
focal_search,manhattan,2.0,medium,12,True,32,26,1.2308,5470,11039,51.17
focal_search,manhattan,2.0,medium,13,True,44,34,1.2941,78734,154370,775.97
focal_search,manhattan,2.0,medium,14,True,40,30,1.3333,14767,29834,147.63
focal_search,manhattan,2.0,medium,15,True,45,31,1.4516,16096,32466,160.47
focal_search,manhattan,2.0,medium,16,True,42,26,1.6154,874,1829,9.13
focal_search,manhattan,2.0,medium,17,True,21,21,1.0,262,537,2.37
focal_search,manhattan,2.0,medium,18,True,52,38,1.3684,26943,54139,280.78
focal_search,manhattan,2.0,medium,19,True,28,20,1.4,8480,16916,82.73
focal_search,manhattan,2.0,hard,0,True,52,36,1.4444,4989,10172,53.28
focal_search,manhattan,2.0,hard,1,True,39,35,1.1143,66043,131132,643.7
focal_search,manhattan,2.0,hard,2,True,52,32,1.625,175087,347417,1797.93
focal_search,manhattan,2.0,hard,3,True,65,49,1.3265,12650,25337,127.32
focal_search,manhattan,2.0,hard,4,True,46,36,1.2778,549,1159,5.53
focal_search,manhattan,2.0,hard,5,True,52,40,1.3,11119,22449,107.91
focal_search,manhattan,2.0,hard,6,True,60,42,1.4286,29976,60086,297.81
focal_search,manhattan,2.0,hard,7,True,65,43,1.5116,41971,83468,411.38
focal_search,manhattan,2.0,hard,8,True,57,41,1.3902,423,866,4.14
focal_search,manhattan,2.0,hard,9,True,56,38,1.4737,27932,56206,273.59
focal_search,manhattan,2.0,hard,10,True,57,39,1.4615,47375,94138,488.45
focal_search,manhattan,2.0,hard,11,True,53,45,1.1778,942029,1790985,9742.25
focal_search,manhattan,2.0,hard,12,True,60,34,1.7647,2334,4851,23.68
focal_search,manhattan,2.0,hard,13,True,52,42,1.2381,27684,55274,269.05
focal_search,manhattan,2.0,hard,14,True,56,42,1.3333,10585,21351,101.85
focal_search,manhattan,2.0,hard,15,True,44,30,1.4667,38999,77485,380.35
focal_search,manhattan,2.0,hard,16,True,53,31,1.7097,173415,339309,1801.72
focal_search,manhattan,2.0,hard,17,True,40,34,1.1765,11483,23040,105.83
focal_search,manhattan,2.0,hard,18,True,32,32,1.0,11296,23095,110.97
focal_search,manhattan,2.0,hard,19,True,36,30,1.2,11901,24021,113.98
ees,manhattan,2.0,easy,0,True,36,20,1.8,1268,2589,18.86
ees,manhattan,2.0,easy,1,True,41,27,1.5185,2946,5982,43.77
ees,manhattan,2.0,easy,2,True,18,18,1.0,19,41,0.28
ees,manhattan,2.0,easy,3,True,26,22,1.1818,109,245,1.59
ees,manhattan,2.0,easy,4,True,40,22,1.8182,310,641,4.49
ees,manhattan,2.0,easy,5,True,20,20,1.0,25,53,0.36
ees,manhattan,2.0,easy,6,True,37,25,1.48,597,1231,8.1
ees,manhattan,2.0,easy,7,True,24,22,1.0909,28,67,0.85
ees,manhattan,2.0,easy,8,True,28,24,1.1667,3138,6379,46.11
ees,manhattan,2.0,easy,9,True,13,13,1.0,14,30,0.21
ees,manhattan,2.0,easy,10,True,21,21,1.0,24,51,0.33
ees,manhattan,2.0,easy,11,True,41,23,1.7826,1132,2293,16.1
ees,manhattan,2.0,easy,12,True,17,17,1.0,21,50,0.32
ees,manhattan,2.0,easy,13,True,40,22,1.8182,390,809,5.47
ees,manhattan,2.0,easy,14,True,36,28,1.2857,5653,11412,81.83
ees,manhattan,2.0,easy,15,True,21,21,1.0,22,46,0.32
ees,manhattan,2.0,easy,16,True,41,27,1.5185,498,1052,7.09
ees,manhattan,2.0,easy,17,True,20,16,1.25,73,161,1.12
ees,manhattan,2.0,easy,18,True,36,24,1.5,377,799,5.43
ees,manhattan,2.0,easy,19,True,37,23,1.6087,498,1044,8.25
ees,manhattan,2.0,medium,0,True,53,43,1.2326,317722,612784,4954.24
ees,manhattan,2.0,medium,1,True,40,30,1.3333,9968,20358,147.07
ees,manhattan,2.0,medium,2,True,47,33,1.4242,22309,44821,319.82
ees,manhattan,2.0,medium,3,True,45,35,1.2857,2573,5263,36.21
ees,manhattan,2.0,medium,4,True,38,24,1.5833,300,631,4.15
ees,manhattan,2.0,medium,5,True,43,31,1.3871,2929,5935,41.59
ees,manhattan,2.0,medium,6,True,39,27,1.4444,181,393,2.84
ees,manhattan,2.0,medium,7,True,41,33,1.2424,350,744,5.01
ees,manhattan,2.0,medium,8,True,59,41,1.439,429,880,5.81
ees,manhattan,2.0,medium,9,True,44,32,1.375,205,442,2.91
ees,manhattan,2.0,medium,10,True,37,25,1.48,6871,13840,99.28
ees,manhattan,2.0,medium,11,True,40,36,1.1111,4978,10179,73.46
ees,manhattan,2.0,medium,12,True,32,26,1.2308,5960,11995,86.31
ees,manhattan,2.0,medium,13,True,44,34,1.2941,96717,188601,1461.5
ees,manhattan,2.0,medium,14,True,40,30,1.3333,15857,31971,235.15
ees,manhattan,2.0,medium,15,True,45,31,1.4516,17536,35258,305.75
ees,manhattan,2.0,medium,16,True,42,26,1.6154,900,1881,17.57
ees,manhattan,2.0,medium,17,True,21,21,1.0,262,537,4.01
ees,manhattan,2.0,medium,18,True,52,38,1.3684,23480,46926,367.26
ees,manhattan,2.0,medium,19,True,28,20,1.4,9159,18189,139.23
ees,manhattan,2.0,hard,0,True,52,36,1.4444,5023,10233,81.36
ees,manhattan,2.0,hard,1,True,39,35,1.1143,71924,142498,1138.76
ees,manhattan,2.0,hard,2,True,52,32,1.625,219532,432399,3468.83
ees,manhattan,2.0,hard,3,True,65,49,1.3265,14291,28523,211.32
ees,manhattan,2.0,hard,4,True,46,36,1.2778,577,1216,8.39
ees,manhattan,2.0,hard,5,True,52,40,1.3,11308,22791,164.38
ees,manhattan,2.0,hard,6,True,60,42,1.4286,43671,87097,646.17
ees,manhattan,2.0,hard,7,True,65,43,1.5116,47339,93857,683.44
ees,manhattan,2.0,hard,8,True,57,41,1.3902,423,866,6.14
ees,manhattan,2.0,hard,9,True,56,38,1.4737,44904,89787,654.93
ees,manhattan,2.0,hard,10,True,57,39,1.4615,20859,41627,305.93
ees,manhattan,2.0,hard,11,True,53,45,1.1778,900778,1707457,15075.48
ees,manhattan,2.0,hard,12,True,60,34,1.7647,2407,4991,37.45
ees,manhattan,2.0,hard,13,True,52,42,1.2381,30517,60797,448.16
ees,manhattan,2.0,hard,14,True,56,42,1.3333,13120,26357,188.16
ees,manhattan,2.0,hard,15,True,44,30,1.4667,51164,101257,753.3
ees,manhattan,2.0,hard,16,True,53,31,1.7097,256377,499149,4265.36
ees,manhattan,2.0,hard,17,True,40,34,1.1765,11570,23201,170.9
ees,manhattan,2.0,hard,18,True,32,32,1.0,14602,29643,210.08
ees,manhattan,2.0,hard,19,True,36,30,1.2,12643,25477,181.89
weighted_astar,manhattan,3.0,easy,0,True,32,20,1.6,673,1395,3.93
weighted_astar,manhattan,3.0,easy,1,True,27,27,1.0,1507,3153,8.4
weighted_astar,manhattan,3.0,easy,2,True,18,18,1.0,19,41,0.11
weighted_astar,manhattan,3.0,easy,3,True,26,22,1.1818,49,109,0.27
weighted_astar,manhattan,3.0,easy,4,True,28,22,1.2727,175,373,0.94
weighted_astar,manhattan,3.0,easy,5,True,24,20,1.2,80,174,0.43
weighted_astar,manhattan,3.0,easy,6,True,29,25,1.16,489,1034,3.14
weighted_astar,manhattan,3.0,easy,7,True,24,22,1.0909,28,67,0.33
weighted_astar,manhattan,3.0,easy,8,True,28,24,1.1667,615,1273,4.3
weighted_astar,manhattan,3.0,easy,9,True,13,13,1.0,14,30,0.1
weighted_astar,manhattan,3.0,easy,10,True,21,21,1.0,24,51,0.24
weighted_astar,manhattan,3.0,easy,11,True,23,23,1.0,620,1330,3.92
weighted_astar,manhattan,3.0,easy,12,True,17,17,1.0,21,50,0.13
weighted_astar,manhattan,3.0,easy,13,True,26,22,1.1818,47,102,0.27
weighted_astar,manhattan,3.0,easy,14,True,30,28,1.0714,642,1346,3.5
weighted_astar,manhattan,3.0,easy,15,True,21,21,1.0,22,46,0.13
weighted_astar,manhattan,3.0,easy,16,True,27,27,1.0,83,175,0.67
weighted_astar,manhattan,3.0,easy,17,True,20,16,1.25,101,216,0.88
weighted_astar,manhattan,3.0,easy,18,True,34,24,1.4167,1150,2367,6.55
weighted_astar,manhattan,3.0,easy,19,True,27,23,1.1739,491,1026,2.61
weighted_astar,manhattan,3.0,medium,0,True,47,43,1.093,2684,5409,15.42
weighted_astar,manhattan,3.0,medium,1,True,40,30,1.3333,2381,4896,14.82
weighted_astar,manhattan,3.0,medium,2,True,47,33,1.4242,506,1055,2.74
weighted_astar,manhattan,3.0,medium,3,True,45,35,1.2857,212,439,1.11
weighted_astar,manhattan,3.0,medium,4,True,36,24,1.5,1132,2374,7.38
weighted_astar,manhattan,3.0,medium,5,True,39,31,1.2581,1132,2354,6.12
weighted_astar,manhattan,3.0,medium,6,True,33,27,1.2222,553,1190,3.36
weighted_astar,manhattan,3.0,medium,7,True,41,33,1.2424,857,1809,5.06
weighted_astar,manhattan,3.0,medium,8,True,59,41,1.439,771,1583,4.11
weighted_astar,manhattan,3.0,medium,9,True,32,32,1.0,198,404,1.09
weighted_astar,manhattan,3.0,medium,10,True,35,25,1.4,469,999,2.54
weighted_astar,manhattan,3.0,medium,11,True,46,36,1.2778,19702,39793,118.92
weighted_astar,manhattan,3.0,medium,12,True,32,26,1.2308,1023,2131,5.69
weighted_astar,manhattan,3.0,medium,13,True,48,34,1.4118,3857,7859,21.81
weighted_astar,manhattan,3.0,medium,14,True,46,30,1.5333,2677,5498,15.04
weighted_astar,manhattan,3.0,medium,15,True,45,31,1.4516,5119,10554,29.21
weighted_astar,manhattan,3.0,medium,16,True,38,26,1.4615,835,1730,4.52
weighted_astar,manhattan,3.0,medium,17,True,21,21,1.0,232,495,1.25
weighted_astar,manhattan,3.0,medium,18,True,48,38,1.2632,3638,7366,23.27
weighted_astar,manhattan,3.0,medium,19,True,34,20,1.7,5201,10548,30.5
weighted_astar,manhattan,3.0,hard,0,True,50,36,1.3889,1702,3526,9.36
weighted_astar,manhattan,3.0,hard,1,True,39,35,1.1143,8209,16916,51.17
weighted_astar,manhattan,3.0,hard,2,True,50,32,1.5625,14021,28305,83.72
weighted_astar,manhattan,3.0,hard,3,True,61,49,1.2449,1024,2132,5.84
weighted_astar,manhattan,3.0,hard,4,True,46,36,1.2778,1138,2369,6.5
weighted_astar,manhattan,3.0,hard,5,True,52,40,1.3,4238,8746,24.79
weighted_astar,manhattan,3.0,hard,6,True,60,42,1.4286,7812,15762,47.03
weighted_astar,manhattan,3.0,hard,7,True,65,43,1.5116,26487,53572,166.81
weighted_astar,manhattan,3.0,hard,8,True,61,41,1.4878,936,1925,5.06
weighted_astar,manhattan,3.0,hard,9,True,48,38,1.2632,4963,10154,28.08
weighted_astar,manhattan,3.0,hard,10,True,57,39,1.4615,7393,15078,42.29
weighted_astar,manhattan,3.0,hard,11,True,59,45,1.3111,45670,89836,283.25
weighted_astar,manhattan,3.0,hard,12,True,40,34,1.1765,1211,2552,7.32
weighted_astar,manhattan,3.0,hard,13,True,56,42,1.3333,2340,4887,14.54
weighted_astar,manhattan,3.0,hard,14,True,62,42,1.4762,755,1548,3.97
weighted_astar,manhattan,3.0,hard,15,True,36,30,1.2,4037,8270,23.93
weighted_astar,manhattan,3.0,hard,16,True,43,31,1.3871,1140,2389,6.54
weighted_astar,manhattan,3.0,hard,17,True,38,34,1.1176,237,501,1.32
weighted_astar,manhattan,3.0,hard,18,True,40,32,1.25,11835,24146,72.37
weighted_astar,manhattan,3.0,hard,19,True,46,30,1.5333,4078,8330,24.39
focal_search,manhattan,3.0,easy,0,True,40,20,2.0,435,933,5.08
focal_search,manhattan,3.0,easy,1,True,57,27,2.1111,1836,3794,21.39
focal_search,manhattan,3.0,easy,2,True,18,18,1.0,19,41,0.29
focal_search,manhattan,3.0,easy,3,True,26,22,1.1818,158,357,2.06
focal_search,manhattan,3.0,easy,4,True,46,22,2.0909,158,338,1.91
focal_search,manhattan,3.0,easy,5,True,20,20,1.0,25,53,0.27
focal_search,manhattan,3.0,easy,6,True,45,25,1.8,167,365,2.29
focal_search,manhattan,3.0,easy,7,True,24,22,1.0909,28,67,0.62
focal_search,manhattan,3.0,easy,8,True,40,24,1.6667,3921,8018,40.48
focal_search,manhattan,3.0,easy,9,True,13,13,1.0,14,30,0.16
focal_search,manhattan,3.0,easy,10,True,21,21,1.0,24,51,0.26
focal_search,manhattan,3.0,easy,11,True,43,23,1.8696,1644,3460,18.03
focal_search,manhattan,3.0,easy,12,True,17,17,1.0,21,50,0.25
focal_search,manhattan,3.0,easy,13,True,40,22,1.8182,876,1812,9.37
focal_search,manhattan,3.0,easy,14,True,50,28,1.7857,2384,4787,24.67
focal_search,manhattan,3.0,easy,15,True,21,21,1.0,22,46,0.24
focal_search,manhattan,3.0,easy,16,True,47,27,1.7407,332,713,3.78
focal_search,manhattan,3.0,easy,17,True,20,16,1.25,73,161,0.8
focal_search,manhattan,3.0,easy,18,True,50,24,2.0833,1299,2656,14.18
focal_search,manhattan,3.0,easy,19,True,43,23,1.8696,107,233,1.16
focal_search,manhattan,3.0,medium,0,True,81,43,1.8837,77449,152969,796.41
focal_search,manhattan,3.0,medium,1,True,60,30,2.0,3420,7153,37.59
focal_search,manhattan,3.0,medium,2,True,79,33,2.3939,496,1052,5.37
focal_search,manhattan,3.0,medium,3,True,73,35,2.0857,1152,2404,12.37
focal_search,manhattan,3.0,medium,4,True,60,24,2.5,419,899,4.54
focal_search,manhattan,3.0,medium,5,True,47,31,1.5161,1279,2675,14.33
focal_search,manhattan,3.0,medium,6,True,39,27,1.4444,225,496,2.61
focal_search,manhattan,3.0,medium,7,True,51,33,1.5455,1488,3089,18.18
focal_search,manhattan,3.0,medium,8,True,65,41,1.5854,336,700,3.63
focal_search,manhattan,3.0,medium,9,True,46,32,1.4375,147,314,1.67
focal_search,manhattan,3.0,medium,10,True,57,25,2.28,5703,11699,62.51
focal_search,manhattan,3.0,medium,11,True,58,36,1.6111,1822,3777,19.18
focal_search,manhattan,3.0,medium,12,True,46,26,1.7692,3118,6372,31.07
focal_search,manhattan,3.0,medium,13,True,64,34,1.8824,16968,34278,179.12
focal_search,manhattan,3.0,medium,14,True,60,30,2.0,85195,168863,865.77
focal_search,manhattan,3.0,medium,15,True,67,31,2.1613,4463,9279,48.0
focal_search,manhattan,3.0,medium,16,True,46,26,1.7692,296,635,3.2
focal_search,manhattan,3.0,medium,17,True,25,21,1.1905,236,516,2.53
focal_search,manhattan,3.0,medium,18,True,78,38,2.0526,6653,13818,74.04
focal_search,manhattan,3.0,medium,19,True,42,20,2.1,11175,22505,112.12
focal_search,manhattan,3.0,hard,0,True,78,36,2.1667,5438,11124,60.48
focal_search,manhattan,3.0,hard,1,True,61,35,1.7429,125297,243218,1261.83
focal_search,manhattan,3.0,hard,2,True,78,32,2.4375,55761,111232,588.44
focal_search,manhattan,3.0,hard,3,True,99,49,2.0204,10206,20920,107.19
focal_search,manhattan,3.0,hard,4,True,46,36,1.2778,1141,2431,12.58
focal_search,manhattan,3.0,hard,5,True,72,40,1.8,1098,2323,12.61
focal_search,manhattan,3.0,hard,6,True,90,42,2.1429,4753,9719,46.86
focal_search,manhattan,3.0,hard,7,True,93,43,2.1628,657,1411,6.92
focal_search,manhattan,3.0,hard,8,True,67,41,1.6341,268,561,2.83
focal_search,manhattan,3.0,hard,9,True,84,38,2.2105,4599,9396,45.56
focal_search,manhattan,3.0,hard,10,True,87,39,2.2308,3980,8214,41.56
focal_search,manhattan,3.0,hard,11,True,81,45,1.8,90538,178342,916.91
focal_search,manhattan,3.0,hard,12,True,82,34,2.4118,22027,44493,230.8
focal_search,manhattan,3.0,hard,13,True,62,42,1.4762,1137,2369,12.38
focal_search,manhattan,3.0,hard,14,True,82,42,1.9524,439,928,4.61
focal_search,manhattan,3.0,hard,15,True,66,30,2.2,16149,32287,171.46
focal_search,manhattan,3.0,hard,16,True,79,31,2.5484,9398,18893,97.28
focal_search,manhattan,3.0,hard,17,True,60,34,1.7647,16044,31982,160.72
focal_search,manhattan,3.0,hard,18,True,42,32,1.3125,9223,18748,92.24
focal_search,manhattan,3.0,hard,19,True,54,30,1.8,1245,2599,12.1
ees,manhattan,3.0,easy,0,True,40,20,2.0,470,1010,6.8
ees,manhattan,3.0,easy,1,True,57,27,2.1111,1997,4118,33.84
ees,manhattan,3.0,easy,2,True,18,18,1.0,19,41,0.31
ees,manhattan,3.0,easy,3,True,26,22,1.1818,158,357,2.3
ees,manhattan,3.0,easy,4,True,46,22,2.0909,166,356,2.3
ees,manhattan,3.0,easy,5,True,20,20,1.0,25,53,0.36
ees,manhattan,3.0,easy,6,True,45,25,1.8,167,365,2.35
ees,manhattan,3.0,easy,7,True,24,22,1.0909,28,67,0.43
ees,manhattan,3.0,easy,8,True,40,24,1.6667,5183,10574,76.1
ees,manhattan,3.0,easy,9,True,13,13,1.0,14,30,0.2
ees,manhattan,3.0,easy,10,True,21,21,1.0,24,51,0.34
ees,manhattan,3.0,easy,11,True,43,23,1.8696,1880,3946,26.73
ees,manhattan,3.0,easy,12,True,17,17,1.0,21,50,0.33
ees,manhattan,3.0,easy,13,True,40,22,1.8182,935,1930,13.06
ees,manhattan,3.0,easy,14,True,50,28,1.7857,2602,5203,36.27
ees,manhattan,3.0,easy,15,True,21,21,1.0,22,46,0.31
ees,manhattan,3.0,easy,16,True,47,27,1.7407,340,730,4.81
ees,manhattan,3.0,easy,17,True,20,16,1.25,73,161,1.05
ees,manhattan,3.0,easy,18,True,50,24,2.0833,1482,3018,20.54
ees,manhattan,3.0,easy,19,True,43,23,1.8696,107,233,1.53
ees,manhattan,3.0,medium,0,True,81,43,1.8837,90948,178841,1409.59
ees,manhattan,3.0,medium,1,True,60,30,2.0,3468,7240,52.68
ees,manhattan,3.0,medium,2,True,79,33,2.3939,524,1105,7.43
ees,manhattan,3.0,medium,3,True,73,35,2.0857,1183,2469,17.02
ees,manhattan,3.0,medium,4,True,60,24,2.5,420,901,6.13
ees,manhattan,3.0,medium,5,True,47,31,1.5161,1929,4034,28.83
ees,manhattan,3.0,medium,6,True,39,27,1.4444,225,496,3.23
ees,manhattan,3.0,medium,7,True,51,33,1.5455,1600,3313,22.47
ees,manhattan,3.0,medium,8,True,65,41,1.5854,336,700,4.61
ees,manhattan,3.0,medium,9,True,46,32,1.4375,148,316,2.05
ees,manhattan,3.0,medium,10,True,55,25,2.2,6881,14102,101.99
ees,manhattan,3.0,medium,11,True,58,36,1.6111,1937,4015,27.36
ees,manhattan,3.0,medium,12,True,48,26,1.8462,2697,5523,40.16
ees,manhattan,3.0,medium,13,True,64,34,1.8824,26300,52662,386.74
ees,manhattan,3.0,medium,14,True,60,30,2.0,106233,209781,1618.09
ees,manhattan,3.0,medium,15,True,67,31,2.1613,4514,9375,68.03
ees,manhattan,3.0,medium,16,True,46,26,1.7692,297,635,4.68
ees,manhattan,3.0,medium,17,True,25,21,1.1905,243,532,3.45
ees,manhattan,3.0,medium,18,True,76,38,2.0,5739,11891,84.17
ees,manhattan,3.0,medium,19,True,42,20,2.1,15457,30848,230.86
ees,manhattan,3.0,hard,0,True,78,36,2.1667,5869,11972,91.17
ees,manhattan,3.0,hard,1,True,63,35,1.8,148130,285407,2266.24
ees,manhattan,3.0,hard,2,True,78,32,2.4375,109011,215224,1694.64
ees,manhattan,3.0,hard,3,True,99,49,2.0204,13430,27299,205.26
ees,manhattan,3.0,hard,4,True,46,36,1.2778,1178,2507,17.59
ees,manhattan,3.0,hard,5,True,72,40,1.8,1224,2581,18.05
ees,manhattan,3.0,hard,6,True,90,42,2.1429,4168,8502,60.2
ees,manhattan,3.0,hard,7,True,93,43,2.1628,669,1437,9.56
ees,manhattan,3.0,hard,8,True,67,41,1.6341,347,730,4.83
ees,manhattan,3.0,hard,9,True,84,38,2.2105,5884,12025,83.9
ees,manhattan,3.0,hard,10,True,87,39,2.2308,5015,10309,72.83
ees,manhattan,3.0,hard,11,True,81,45,1.8,109385,214388,1660.7
ees,manhattan,3.0,hard,12,True,82,34,2.4118,25240,50837,366.5
ees,manhattan,3.0,hard,13,True,62,42,1.4762,1235,2567,18.13
ees,manhattan,3.0,hard,14,True,82,42,1.9524,623,1327,9.02
ees,manhattan,3.0,hard,15,True,66,30,2.2,24223,48081,360.67
ees,manhattan,3.0,hard,16,True,81,31,2.6129,7490,14889,107.35
ees,manhattan,3.0,hard,17,True,60,34,1.7647,18090,35997,258.01
ees,manhattan,3.0,hard,18,True,42,32,1.3125,14927,30267,217.65
ees,manhattan,3.0,hard,19,True,54,30,1.8,1257,2624,17.65
weighted_astar,linear_conflict,1.1,easy,0,True,20,20,1.0,42,93,5.08
weighted_astar,linear_conflict,1.1,easy,1,True,27,27,1.0,98,203,2.56
weighted_astar,linear_conflict,1.1,easy,2,True,18,18,1.0,19,41,0.51
weighted_astar,linear_conflict,1.1,easy,3,True,22,22,1.0,68,147,1.89
weighted_astar,linear_conflict,1.1,easy,4,True,22,22,1.0,88,190,2.49
weighted_astar,linear_conflict,1.1,easy,5,True,20,20,1.0,115,241,3.05
weighted_astar,linear_conflict,1.1,easy,6,True,25,25,1.0,170,349,5.51
weighted_astar,linear_conflict,1.1,easy,7,True,22,22,1.0,39,88,1.11
weighted_astar,linear_conflict,1.1,easy,8,True,24,24,1.0,765,1569,23.27
weighted_astar,linear_conflict,1.1,easy,9,True,13,13,1.0,14,30,0.41
weighted_astar,linear_conflict,1.1,easy,10,True,21,21,1.0,55,112,1.42
weighted_astar,linear_conflict,1.1,easy,11,True,23,23,1.0,43,83,1.04
weighted_astar,linear_conflict,1.1,easy,12,True,17,17,1.0,21,50,0.63
weighted_astar,linear_conflict,1.1,easy,13,True,22,22,1.0,29,63,0.78
weighted_astar,linear_conflict,1.1,easy,14,True,28,28,1.0,1242,2460,33.43
weighted_astar,linear_conflict,1.1,easy,15,True,21,21,1.0,24,50,0.65
weighted_astar,linear_conflict,1.1,easy,16,True,27,27,1.0,276,567,7.12
weighted_astar,linear_conflict,1.1,easy,17,True,16,16,1.0,106,229,2.93
weighted_astar,linear_conflict,1.1,easy,18,True,24,24,1.0,363,733,9.32
weighted_astar,linear_conflict,1.1,easy,19,True,23,23,1.0,90,195,2.42
weighted_astar,linear_conflict,1.1,medium,0,True,43,43,1.0,43406,84938,1101.85
weighted_astar,linear_conflict,1.1,medium,1,True,30,30,1.0,1104,2265,27.66
weighted_astar,linear_conflict,1.1,medium,2,True,33,33,1.0,656,1347,16.01
weighted_astar,linear_conflict,1.1,medium,3,True,35,35,1.0,2573,5024,62.36
weighted_astar,linear_conflict,1.1,medium,4,True,24,24,1.0,133,270,3.46
weighted_astar,linear_conflict,1.1,medium,5,True,31,31,1.0,2243,4599,57.95
weighted_astar,linear_conflict,1.1,medium,6,True,27,27,1.0,208,434,5.47
weighted_astar,linear_conflict,1.1,medium,7,True,33,33,1.0,2244,4482,53.58
weighted_astar,linear_conflict,1.1,medium,8,True,41,41,1.0,16358,31730,384.23
weighted_astar,linear_conflict,1.1,medium,9,True,32,32,1.0,2213,4410,53.91
weighted_astar,linear_conflict,1.1,medium,10,True,25,25,1.0,139,294,3.83
weighted_astar,linear_conflict,1.1,medium,11,True,36,36,1.0,44028,85487,1226.77
weighted_astar,linear_conflict,1.1,medium,12,True,26,26,1.0,1818,3633,63.42
weighted_astar,linear_conflict,1.1,medium,13,True,32,34,0.9412,1335,2627,35.38
weighted_astar,linear_conflict,1.1,medium,14,True,30,30,1.0,366,753,9.99
weighted_astar,linear_conflict,1.1,medium,15,True,31,31,1.0,692,1393,19.15
weighted_astar,linear_conflict,1.1,medium,16,True,26,26,1.0,244,505,7.94
weighted_astar,linear_conflict,1.1,medium,17,True,21,21,1.0,230,469,6.98
weighted_astar,linear_conflict,1.1,medium,18,True,38,38,1.0,38260,73649,1029.68
weighted_astar,linear_conflict,1.1,medium,19,True,20,20,1.0,130,260,3.77
weighted_astar,linear_conflict,1.1,hard,0,True,36,36,1.0,4997,9965,134.35
weighted_astar,linear_conflict,1.1,hard,1,True,35,35,1.0,5373,10518,148.78
weighted_astar,linear_conflict,1.1,hard,2,True,32,32,1.0,650,1348,17.6
weighted_astar,linear_conflict,1.1,hard,3,True,49,49,1.0,226370,421829,5684.99
weighted_astar,linear_conflict,1.1,hard,4,True,36,36,1.0,4078,7991,94.76
weighted_astar,linear_conflict,1.1,hard,5,True,40,40,1.0,25299,48884,641.51
weighted_astar,linear_conflict,1.1,hard,6,True,42,42,1.0,18792,36832,473.89
weighted_astar,linear_conflict,1.1,hard,7,True,43,43,1.0,20320,39278,511.41
weighted_astar,linear_conflict,1.1,hard,8,True,39,41,0.9512,2057,4062,51.0
weighted_astar,linear_conflict,1.1,hard,9,True,38,38,1.0,9080,17697,237.34
weighted_astar,linear_conflict,1.1,hard,10,True,39,39,1.0,5725,11321,153.42
weighted_astar,linear_conflict,1.1,hard,11,True,45,45,1.0,70997,133946,1776.55
weighted_astar,linear_conflict,1.1,hard,12,True,34,34,1.0,115,231,2.74
weighted_astar,linear_conflict,1.1,hard,13,True,42,42,1.0,20759,41039,514.95
weighted_astar,linear_conflict,1.1,hard,14,True,42,42,1.0,23612,46709,571.1
weighted_astar,linear_conflict,1.1,hard,15,True,30,30,1.0,3400,6876,89.2
weighted_astar,linear_conflict,1.1,hard,16,True,31,31,1.0,200,403,5.1
weighted_astar,linear_conflict,1.1,hard,17,True,34,34,1.0,8972,17927,230.25
weighted_astar,linear_conflict,1.1,hard,18,True,32,32,1.0,9564,19155,254.29
weighted_astar,linear_conflict,1.1,hard,19,True,30,30,1.0,2421,4918,62.43
focal_search,linear_conflict,1.1,easy,0,True,22,20,1.1,86,173,4.65
focal_search,linear_conflict,1.1,easy,1,True,27,27,1.0,31,65,1.79
focal_search,linear_conflict,1.1,easy,2,True,18,18,1.0,19,41,1.16
focal_search,linear_conflict,1.1,easy,3,True,22,22,1.0,68,147,3.75
focal_search,linear_conflict,1.1,easy,4,True,22,22,1.0,88,190,4.87
focal_search,linear_conflict,1.1,easy,5,True,20,20,1.0,223,241,8.7
focal_search,linear_conflict,1.1,easy,6,True,25,25,1.0,227,349,13.21
focal_search,linear_conflict,1.1,easy,7,True,24,22,1.0909,28,67,1.65
focal_search,linear_conflict,1.1,easy,8,True,24,24,1.0,1060,1569,46.28
focal_search,linear_conflict,1.1,easy,9,True,13,13,1.0,14,30,0.8
focal_search,linear_conflict,1.1,easy,10,True,21,21,1.0,102,112,3.53
focal_search,linear_conflict,1.1,easy,11,True,23,23,1.0,43,83,2.28
focal_search,linear_conflict,1.1,easy,12,True,17,17,1.0,24,50,1.25
focal_search,linear_conflict,1.1,easy,13,True,22,22,1.0,37,80,2.27
focal_search,linear_conflict,1.1,easy,14,True,28,28,1.0,1943,2463,95.4
focal_search,linear_conflict,1.1,easy,15,True,21,21,1.0,36,50,1.57
focal_search,linear_conflict,1.1,easy,16,True,27,27,1.0,342,567,18.78
focal_search,linear_conflict,1.1,easy,17,True,16,16,1.0,137,229,6.32
focal_search,linear_conflict,1.1,easy,18,True,24,24,1.0,478,737,21.41
focal_search,linear_conflict,1.1,easy,19,True,23,23,1.0,119,253,6.33
focal_search,linear_conflict,1.1,medium,0,True,43,43,1.0,84195,112066,4312.48
focal_search,linear_conflict,1.1,medium,1,True,30,30,1.0,1737,2265,82.28
focal_search,linear_conflict,1.1,medium,2,True,33,33,1.0,873,1347,45.81
focal_search,linear_conflict,1.1,medium,3,True,35,35,1.0,3703,5024,182.04
focal_search,linear_conflict,1.1,medium,4,True,24,24,1.0,169,273,9.32
focal_search,linear_conflict,1.1,medium,5,True,31,31,1.0,3063,4599,132.86
focal_search,linear_conflict,1.1,medium,6,True,27,27,1.0,280,434,15.79
focal_search,linear_conflict,1.1,medium,7,True,33,33,1.0,3604,4822,173.34
focal_search,linear_conflict,1.1,medium,8,True,41,41,1.0,25271,33511,1193.19
focal_search,linear_conflict,1.1,medium,9,True,32,32,1.0,3484,4410,162.79
focal_search,linear_conflict,1.1,medium,10,True,25,25,1.0,107,233,6.0
focal_search,linear_conflict,1.1,medium,11,True,36,36,1.0,71079,85487,3374.95
focal_search,linear_conflict,1.1,medium,12,True,26,26,1.0,2732,3636,114.55
focal_search,linear_conflict,1.1,medium,13,True,32,34,0.9412,1958,2627,100.61
focal_search,linear_conflict,1.1,medium,14,True,30,30,1.0,547,753,26.73
focal_search,linear_conflict,1.1,medium,15,True,31,31,1.0,976,1393,48.19
focal_search,linear_conflict,1.1,medium,16,True,26,26,1.0,301,505,13.53
focal_search,linear_conflict,1.1,medium,17,True,21,21,1.0,443,502,15.95
focal_search,linear_conflict,1.1,medium,18,True,38,38,1.0,58739,73649,2544.47
focal_search,linear_conflict,1.1,medium,19,True,20,20,1.0,330,581,19.98
focal_search,linear_conflict,1.1,hard,0,True,36,36,1.0,7197,9965,442.49
focal_search,linear_conflict,1.1,hard,1,True,35,35,1.0,8176,10518,404.26
focal_search,linear_conflict,1.1,hard,2,True,32,32,1.0,927,1348,49.11
focal_search,linear_conflict,1.1,hard,3,True,49,49,1.0,527767,727016,29542.22
focal_search,linear_conflict,1.1,hard,4,True,36,36,1.0,6180,7991,310.43
focal_search,linear_conflict,1.1,hard,5,True,40,40,1.0,40950,53185,2153.0
focal_search,linear_conflict,1.1,hard,6,True,42,42,1.0,35028,47780,1782.13
focal_search,linear_conflict,1.1,hard,7,True,43,43,1.0,31821,44835,1598.27
focal_search,linear_conflict,1.1,hard,8,True,39,41,0.9512,2886,4062,138.98
focal_search,linear_conflict,1.1,hard,9,True,38,38,1.0,13817,17697,647.57
focal_search,linear_conflict,1.1,hard,10,True,39,39,1.0,9980,14487,529.62
focal_search,linear_conflict,1.1,hard,11,True,45,45,1.0,38107,49366,1862.55
focal_search,linear_conflict,1.1,hard,12,True,34,34,1.0,135,231,6.36
focal_search,linear_conflict,1.1,hard,13,True,44,42,1.0476,25429,35042,1301.51
focal_search,linear_conflict,1.1,hard,14,True,42,42,1.0,43018,56956,2080.93
focal_search,linear_conflict,1.1,hard,15,True,30,30,1.0,4757,6893,196.5
focal_search,linear_conflict,1.1,hard,16,True,31,31,1.0,105,215,5.24
focal_search,linear_conflict,1.1,hard,17,True,34,34,1.0,14304,17927,664.04
focal_search,linear_conflict,1.1,hard,18,True,32,32,1.0,15536,19155,759.81
focal_search,linear_conflict,1.1,hard,19,True,30,30,1.0,3906,4918,166.34
ees,linear_conflict,1.1,easy,0,True,22,20,1.1,53,79,3.36
ees,linear_conflict,1.1,easy,1,True,27,27,1.0,31,65,2.71
ees,linear_conflict,1.1,easy,2,True,18,18,1.0,19,41,1.68
ees,linear_conflict,1.1,easy,3,True,22,22,1.0,68,147,8.75
ees,linear_conflict,1.1,easy,4,True,22,22,1.0,88,190,8.57
ees,linear_conflict,1.1,easy,5,True,22,20,1.1,951,1527,63.1
ees,linear_conflict,1.1,easy,6,True,25,25,1.0,738,1043,43.12
ees,linear_conflict,1.1,easy,7,True,24,22,1.0909,28,67,2.82
ees,linear_conflict,1.1,easy,8,True,24,24,1.0,1392,1966,83.14
ees,linear_conflict,1.1,easy,9,True,13,13,1.0,14,30,1.3
ees,linear_conflict,1.1,easy,10,True,23,21,1.0952,267,350,13.98
ees,linear_conflict,1.1,easy,11,True,23,23,1.0,43,83,3.44
ees,linear_conflict,1.1,easy,12,True,17,17,1.0,30,57,2.31
ees,linear_conflict,1.1,easy,13,True,22,22,1.0,37,80,4.23
ees,linear_conflict,1.1,easy,14,True,28,28,1.0,1767,2438,109.62
ees,linear_conflict,1.1,easy,15,True,21,21,1.0,260,445,18.45
ees,linear_conflict,1.1,easy,16,True,27,27,1.0,1110,1560,64.31
ees,linear_conflict,1.1,easy,17,True,16,16,1.0,99,113,4.7
ees,linear_conflict,1.1,easy,18,True,24,24,1.0,290,307,13.25
ees,linear_conflict,1.1,easy,19,True,23,23,1.0,119,253,10.2
ees,linear_conflict,1.1,medium,0,True,43,43,1.0,70985,109836,5107.87
ees,linear_conflict,1.1,medium,1,True,30,30,1.0,4213,7702,420.11
ees,linear_conflict,1.1,medium,2,True,33,33,1.0,2568,4732,316.78
ees,linear_conflict,1.1,medium,3,True,35,35,1.0,11340,20504,1152.79
ees,linear_conflict,1.1,medium,4,True,24,24,1.0,594,913,46.4
ees,linear_conflict,1.1,medium,5,True,31,31,1.0,3104,5728,275.28
ees,linear_conflict,1.1,medium,6,True,27,27,1.0,834,1461,76.68
ees,linear_conflict,1.1,medium,7,True,33,33,1.0,3094,4733,247.07
ees,linear_conflict,1.1,medium,8,True,41,41,1.0,73764,129750,5906.63
ees,linear_conflict,1.1,medium,9,True,32,32,1.0,7908,14000,617.99
ees,linear_conflict,1.1,medium,10,True,25,25,1.0,107,233,11.06
ees,linear_conflict,1.1,medium,11,True,36,36,1.0,151694,259139,12803.1
ees,linear_conflict,1.1,medium,12,True,26,26,1.0,3135,5051,226.65
ees,linear_conflict,1.1,medium,13,True,32,34,0.9412,1746,2598,116.97
ees,linear_conflict,1.1,medium,14,True,30,30,1.0,1315,2376,104.25
ees,linear_conflict,1.1,medium,15,True,31,31,1.0,2704,4970,209.86
ees,linear_conflict,1.1,medium,16,True,26,26,1.0,330,471,19.94
ees,linear_conflict,1.1,medium,17,True,23,21,1.0952,602,588,26.69
ees,linear_conflict,1.1,medium,18,True,38,38,1.0,88706,152414,7096.24
ees,linear_conflict,1.1,medium,19,True,20,20,1.0,281,406,20.44
ees,linear_conflict,1.1,hard,0,True,36,36,1.0,21282,38986,1771.42
ees,linear_conflict,1.1,hard,1,True,35,35,1.0,16256,29090,1415.98
ees,linear_conflict,1.1,hard,2,True,32,32,1.0,2055,3764,167.33
ees,linear_conflict,1.1,hard,3,False,,49,,746151,1301915,60000.09
ees,linear_conflict,1.1,hard,4,True,36,36,1.0,16134,28904,1343.35
ees,linear_conflict,1.1,hard,5,True,40,40,1.0,113719,199778,9866.12
ees,linear_conflict,1.1,hard,6,True,42,42,1.0,106869,191540,9002.76
ees,linear_conflict,1.1,hard,7,True,43,43,1.0,111499,200973,8366.08
ees,linear_conflict,1.1,hard,8,True,39,41,0.9512,9615,17546,712.78
ees,linear_conflict,1.1,hard,9,True,38,38,1.0,33814,59752,2563.89
ees,linear_conflict,1.1,hard,10,True,39,39,1.0,36764,67770,2875.33
ees,linear_conflict,1.1,hard,11,True,45,45,1.0,417350,748129,32692.84
ees,linear_conflict,1.1,hard,12,True,34,34,1.0,424,658,25.73
ees,linear_conflict,1.1,hard,13,True,42,42,1.0,77508,140358,6226.68
ees,linear_conflict,1.1,hard,14,True,44,42,1.0476,119771,214178,9546.64
ees,linear_conflict,1.1,hard,15,True,30,30,1.0,5016,8698,420.96
ees,linear_conflict,1.1,hard,16,True,31,31,1.0,105,215,9.43
ees,linear_conflict,1.1,hard,17,True,34,34,1.0,31805,56354,2771.29
ees,linear_conflict,1.1,hard,18,True,32,32,1.0,32124,56859,2987.32
ees,linear_conflict,1.1,hard,19,True,30,30,1.0,5767,10257,493.47
weighted_astar,linear_conflict,1.5,easy,0,True,22,20,1.1,55,123,1.83
weighted_astar,linear_conflict,1.5,easy,1,True,27,27,1.0,31,65,0.94
weighted_astar,linear_conflict,1.5,easy,2,True,18,18,1.0,19,41,0.59
weighted_astar,linear_conflict,1.5,easy,3,True,24,22,1.0909,81,170,3.05
weighted_astar,linear_conflict,1.5,easy,4,True,22,22,1.0,128,276,6.35
weighted_astar,linear_conflict,1.5,easy,5,True,20,20,1.0,68,143,2.29
weighted_astar,linear_conflict,1.5,easy,6,True,25,25,1.0,69,144,2.04
weighted_astar,linear_conflict,1.5,easy,7,True,24,22,1.0909,28,67,0.89
weighted_astar,linear_conflict,1.5,easy,8,True,24,24,1.0,898,1846,31.08
weighted_astar,linear_conflict,1.5,easy,9,True,13,13,1.0,14,30,0.45
weighted_astar,linear_conflict,1.5,easy,10,True,21,21,1.0,26,54,0.77
weighted_astar,linear_conflict,1.5,easy,11,True,23,23,1.0,47,93,1.3
weighted_astar,linear_conflict,1.5,easy,12,True,17,17,1.0,21,50,0.74
weighted_astar,linear_conflict,1.5,easy,13,True,22,22,1.0,29,63,0.9
weighted_astar,linear_conflict,1.5,easy,14,True,28,28,1.0,960,1961,31.08
weighted_astar,linear_conflict,1.5,easy,15,True,21,21,1.0,23,49,0.73
weighted_astar,linear_conflict,1.5,easy,16,True,27,27,1.0,79,167,2.43
weighted_astar,linear_conflict,1.5,easy,17,True,16,16,1.0,152,325,5.56
weighted_astar,linear_conflict,1.5,easy,18,True,30,24,1.25,880,1775,27.12
weighted_astar,linear_conflict,1.5,easy,19,True,23,23,1.0,138,298,4.63
weighted_astar,linear_conflict,1.5,medium,0,True,45,43,1.0465,7708,15664,231.83
weighted_astar,linear_conflict,1.5,medium,1,True,32,30,1.0667,693,1445,19.83
weighted_astar,linear_conflict,1.5,medium,2,True,37,33,1.1212,240,524,6.89
weighted_astar,linear_conflict,1.5,medium,3,True,37,35,1.0571,1702,3459,47.41
weighted_astar,linear_conflict,1.5,medium,4,True,24,24,1.0,65,136,1.91
weighted_astar,linear_conflict,1.5,medium,5,True,35,31,1.129,4775,9870,141.02
weighted_astar,linear_conflict,1.5,medium,6,True,27,27,1.0,223,469,6.64
weighted_astar,linear_conflict,1.5,medium,7,True,35,33,1.0606,590,1238,16.08
weighted_astar,linear_conflict,1.5,medium,8,True,41,41,1.0,774,1593,20.84
weighted_astar,linear_conflict,1.5,medium,9,True,32,32,1.0,485,982,13.01
weighted_astar,linear_conflict,1.5,medium,10,True,27,25,1.08,63,140,2.35
weighted_astar,linear_conflict,1.5,medium,11,True,36,36,1.0,8224,16419,245.06
weighted_astar,linear_conflict,1.5,medium,12,True,28,26,1.0769,1480,2986,44.11
weighted_astar,linear_conflict,1.5,medium,13,True,34,34,1.0,230,454,6.48
weighted_astar,linear_conflict,1.5,medium,14,True,30,30,1.0,298,615,8.71
weighted_astar,linear_conflict,1.5,medium,15,True,35,31,1.129,1122,2308,34.31
weighted_astar,linear_conflict,1.5,medium,16,True,26,26,1.0,658,1395,20.67
weighted_astar,linear_conflict,1.5,medium,17,True,21,21,1.0,170,346,5.04
weighted_astar,linear_conflict,1.5,medium,18,True,40,38,1.0526,10058,19802,306.79
weighted_astar,linear_conflict,1.5,medium,19,True,20,20,1.0,202,413,6.21
weighted_astar,linear_conflict,1.5,hard,0,True,36,36,1.0,266,552,8.52
weighted_astar,linear_conflict,1.5,hard,1,True,37,35,1.0571,1122,2291,36.49
weighted_astar,linear_conflict,1.5,hard,2,True,32,32,1.0,993,2049,30.67
weighted_astar,linear_conflict,1.5,hard,3,True,51,49,1.0408,19345,36995,562.61
weighted_astar,linear_conflict,1.5,hard,4,True,36,36,1.0,2041,4134,62.53
weighted_astar,linear_conflict,1.5,hard,5,True,40,40,1.0,4502,9009,142.56
weighted_astar,linear_conflict,1.5,hard,6,True,42,42,1.0,3853,7802,116.82
weighted_astar,linear_conflict,1.5,hard,7,True,47,43,1.093,2315,4699,69.47
weighted_astar,linear_conflict,1.5,hard,8,True,45,41,1.0976,1587,3260,48.93
weighted_astar,linear_conflict,1.5,hard,9,True,40,38,1.0526,3465,6984,101.68
weighted_astar,linear_conflict,1.5,hard,10,True,41,39,1.0513,322,661,9.54
weighted_astar,linear_conflict,1.5,hard,11,True,47,45,1.0444,5317,10392,147.22
weighted_astar,linear_conflict,1.5,hard,12,True,34,34,1.0,182,373,5.04
weighted_astar,linear_conflict,1.5,hard,13,True,44,42,1.0476,701,1454,20.22
weighted_astar,linear_conflict,1.5,hard,14,True,46,42,1.0952,2825,5815,80.41
weighted_astar,linear_conflict,1.5,hard,15,True,32,30,1.0667,3787,7746,114.14
weighted_astar,linear_conflict,1.5,hard,16,True,35,31,1.129,354,724,10.74
weighted_astar,linear_conflict,1.5,hard,17,True,34,34,1.0,2107,4304,60.0
weighted_astar,linear_conflict,1.5,hard,18,True,32,32,1.0,3820,7681,112.26
weighted_astar,linear_conflict,1.5,hard,19,True,32,30,1.0667,1832,3763,54.7
focal_search,linear_conflict,1.5,easy,0,True,22,20,1.1,764,1599,49.21
focal_search,linear_conflict,1.5,easy,1,True,27,27,1.0,31,65,2.65
focal_search,linear_conflict,1.5,easy,2,True,18,18,1.0,19,41,1.35
focal_search,linear_conflict,1.5,easy,3,True,26,22,1.1818,51,113,4.59
focal_search,linear_conflict,1.5,easy,4,True,30,22,1.3636,67,147,4.69
focal_search,linear_conflict,1.5,easy,5,True,20,20,1.0,25,53,1.57
focal_search,linear_conflict,1.5,easy,6,True,25,25,1.0,109,227,7.6
focal_search,linear_conflict,1.5,easy,7,True,24,22,1.0909,28,67,2.5
focal_search,linear_conflict,1.5,easy,8,True,24,24,1.0,739,1346,43.05
focal_search,linear_conflict,1.5,easy,9,True,13,13,1.0,14,30,1.09
focal_search,linear_conflict,1.5,easy,10,True,21,21,1.0,24,51,1.83
focal_search,linear_conflict,1.5,easy,11,True,23,23,1.0,456,932,27.7
focal_search,linear_conflict,1.5,easy,12,True,17,17,1.0,21,50,1.65
focal_search,linear_conflict,1.5,easy,13,True,26,22,1.1818,59,130,4.49
focal_search,linear_conflict,1.5,easy,14,True,28,28,1.0,1288,2506,104.53
focal_search,linear_conflict,1.5,easy,15,True,21,21,1.0,22,46,1.48
focal_search,linear_conflict,1.5,easy,16,True,27,27,1.0,54,117,3.93
focal_search,linear_conflict,1.5,easy,17,True,18,16,1.125,128,268,8.26
focal_search,linear_conflict,1.5,easy,18,True,30,24,1.25,312,643,21.35
focal_search,linear_conflict,1.5,easy,19,True,27,23,1.1739,430,899,28.28
focal_search,linear_conflict,1.5,medium,0,True,43,43,1.0,23655,46349,1355.83
focal_search,linear_conflict,1.5,medium,1,True,30,30,1.0,1508,3123,86.35
focal_search,linear_conflict,1.5,medium,2,True,39,33,1.1818,750,1615,46.67
focal_search,linear_conflict,1.5,medium,3,True,39,35,1.1143,515,1056,30.08
focal_search,linear_conflict,1.5,medium,4,True,30,24,1.25,222,474,13.91
focal_search,linear_conflict,1.5,medium,5,True,31,31,1.0,5061,10246,281.39
focal_search,linear_conflict,1.5,medium,6,True,31,27,1.1481,105,221,6.56
focal_search,linear_conflict,1.5,medium,7,True,33,33,1.0,2929,5917,162.22
focal_search,linear_conflict,1.5,medium,8,True,45,41,1.0976,14084,28991,782.66
focal_search,linear_conflict,1.5,medium,9,True,32,32,1.0,56,119,3.62
focal_search,linear_conflict,1.5,medium,10,True,33,25,1.32,991,2060,55.44
focal_search,linear_conflict,1.5,medium,11,True,36,36,1.0,17825,27111,1178.93
focal_search,linear_conflict,1.5,medium,12,True,26,26,1.0,2505,3653,122.11
focal_search,linear_conflict,1.5,medium,13,True,36,34,1.0588,5484,10986,315.26
focal_search,linear_conflict,1.5,medium,14,True,32,30,1.0667,540,1112,31.47
focal_search,linear_conflict,1.5,medium,15,True,33,31,1.0645,1112,2234,66.97
focal_search,linear_conflict,1.5,medium,16,True,30,26,1.1538,2078,4317,124.06
focal_search,linear_conflict,1.5,medium,17,True,21,21,1.0,283,477,20.57
focal_search,linear_conflict,1.5,medium,18,True,38,38,1.0,82155,157098,4193.33
focal_search,linear_conflict,1.5,medium,19,True,20,20,1.0,704,1417,41.69
focal_search,linear_conflict,1.5,hard,0,True,38,36,1.0556,4650,9393,272.29
focal_search,linear_conflict,1.5,hard,1,True,37,35,1.0571,5033,9465,375.23
focal_search,linear_conflict,1.5,hard,2,True,38,32,1.1875,3653,7422,218.71
focal_search,linear_conflict,1.5,hard,3,False,,49,,1155420,2136028,60000.05
focal_search,linear_conflict,1.5,hard,4,True,38,36,1.0556,3974,7965,223.11
focal_search,linear_conflict,1.5,hard,5,True,44,40,1.1,897,1807,55.85
focal_search,linear_conflict,1.5,hard,6,True,48,42,1.1429,25077,49537,1444.07
focal_search,linear_conflict,1.5,hard,7,True,49,43,1.1395,34571,67860,1895.69
focal_search,linear_conflict,1.5,hard,8,True,43,41,1.0488,41954,82269,2863.04
focal_search,linear_conflict,1.5,hard,9,True,40,38,1.0526,9594,19538,815.69
focal_search,linear_conflict,1.5,hard,10,True,43,39,1.1026,6259,12473,530.72
focal_search,linear_conflict,1.5,hard,11,True,45,45,1.0,251468,475705,13989.29
focal_search,linear_conflict,1.5,hard,12,True,44,34,1.2941,1439,2966,82.96
focal_search,linear_conflict,1.5,hard,13,True,48,42,1.1429,12239,24603,652.84
focal_search,linear_conflict,1.5,hard,14,True,42,42,1.0,88066,173714,5514.8
focal_search,linear_conflict,1.5,hard,15,True,36,30,1.2,204,445,13.71
focal_search,linear_conflict,1.5,hard,16,True,41,31,1.3226,232,498,17.08
focal_search,linear_conflict,1.5,hard,17,True,36,34,1.0588,11656,18023,831.4
focal_search,linear_conflict,1.5,hard,18,True,32,32,1.0,10855,20668,918.69
focal_search,linear_conflict,1.5,hard,19,True,30,30,1.0,2525,4503,144.61
ees,linear_conflict,1.5,easy,0,True,22,20,1.1,764,1599,81.87
ees,linear_conflict,1.5,easy,1,True,27,27,1.0,31,65,3.0
ees,linear_conflict,1.5,easy,2,True,18,18,1.0,19,41,2.17
ees,linear_conflict,1.5,easy,3,True,26,22,1.1818,51,113,5.78
ees,linear_conflict,1.5,easy,4,True,30,22,1.3636,67,147,7.54
ees,linear_conflict,1.5,easy,5,True,20,20,1.0,25,53,2.96
ees,linear_conflict,1.5,easy,6,True,25,25,1.0,109,227,10.99
ees,linear_conflict,1.5,easy,7,True,24,22,1.0909,28,67,2.87
ees,linear_conflict,1.5,easy,8,True,24,24,1.0,1265,2266,111.26
ees,linear_conflict,1.5,easy,9,True,13,13,1.0,14,30,2.05
ees,linear_conflict,1.5,easy,10,True,21,21,1.0,24,51,2.61
ees,linear_conflict,1.5,easy,11,True,23,23,1.0,456,932,56.06
ees,linear_conflict,1.5,easy,12,True,17,17,1.0,21,50,2.58
ees,linear_conflict,1.5,easy,13,True,26,22,1.1818,59,130,6.75
ees,linear_conflict,1.5,easy,14,True,28,28,1.0,5012,7305,415.4
ees,linear_conflict,1.5,easy,15,True,21,21,1.0,22,46,3.22
ees,linear_conflict,1.5,easy,16,True,27,27,1.0,54,117,7.89
ees,linear_conflict,1.5,easy,17,True,18,16,1.125,128,268,12.94
ees,linear_conflict,1.5,easy,18,True,30,24,1.25,314,647,38.87
ees,linear_conflict,1.5,easy,19,True,27,23,1.1739,431,901,53.26
ees,linear_conflict,1.5,medium,0,True,43,43,1.0,24660,48300,2390.08
ees,linear_conflict,1.5,medium,1,True,30,30,1.0,1508,3123,163.79
ees,linear_conflict,1.5,medium,2,True,39,33,1.1818,750,1615,78.37
ees,linear_conflict,1.5,medium,3,True,39,35,1.1143,515,1056,52.27
ees,linear_conflict,1.5,medium,4,True,30,24,1.25,222,474,23.4
ees,linear_conflict,1.5,medium,5,True,31,31,1.0,5061,10246,466.86
ees,linear_conflict,1.5,medium,6,True,31,27,1.1481,105,221,10.32
ees,linear_conflict,1.5,medium,7,True,33,33,1.0,2929,5917,258.32
ees,linear_conflict,1.5,medium,8,True,45,41,1.0976,14089,29000,1277.06
ees,linear_conflict,1.5,medium,9,True,32,32,1.0,56,119,5.33
ees,linear_conflict,1.5,medium,10,True,33,25,1.32,991,2060,99.37
ees,linear_conflict,1.5,medium,11,True,36,36,1.0,142691,259811,12251.77
ees,linear_conflict,1.5,medium,12,True,26,26,1.0,3516,5074,238.33
ees,linear_conflict,1.5,medium,13,True,36,34,1.0588,5484,10986,525.07
ees,linear_conflict,1.5,medium,14,True,32,30,1.0667,540,1112,53.71
ees,linear_conflict,1.5,medium,15,True,33,31,1.0645,1112,2234,108.61
ees,linear_conflict,1.5,medium,16,True,30,26,1.1538,2078,4317,208.57
ees,linear_conflict,1.5,medium,17,True,21,21,1.0,483,566,28.42
ees,linear_conflict,1.5,medium,18,True,38,38,1.0,84873,162159,7695.2
ees,linear_conflict,1.5,medium,19,True,20,20,1.0,704,1417,74.45
ees,linear_conflict,1.5,hard,0,True,38,36,1.0556,4654,9400,579.23
ees,linear_conflict,1.5,hard,1,True,35,35,1.0,19406,29502,1483.97
ees,linear_conflict,1.5,hard,2,True,38,32,1.1875,3858,7833,361.1
ees,linear_conflict,1.5,hard,3,False,,49,,701813,1292373,60022.01
ees,linear_conflict,1.5,hard,4,True,38,36,1.0556,4620,9217,394.71
ees,linear_conflict,1.5,hard,5,True,44,40,1.1,897,1807,78.28
ees,linear_conflict,1.5,hard,6,True,48,42,1.1429,21778,43014,2074.65
ees,linear_conflict,1.5,hard,7,True,49,43,1.1395,35853,70291,3334.46
ees,linear_conflict,1.5,hard,8,True,43,41,1.0488,42277,82878,3697.04
ees,linear_conflict,1.5,hard,9,True,40,38,1.0526,9620,19589,928.26
ees,linear_conflict,1.5,hard,10,True,43,39,1.1026,6259,12473,607.29
ees,linear_conflict,1.5,hard,11,True,45,45,1.0,114980,218845,9893.6
ees,linear_conflict,1.5,hard,12,True,44,34,1.2941,1439,2966,132.63
ees,linear_conflict,1.5,hard,13,True,48,42,1.1429,12510,25146,1177.04
ees,linear_conflict,1.5,hard,14,True,42,42,1.0,91095,179545,8049.29
ees,linear_conflict,1.5,hard,15,True,36,30,1.2,204,445,20.25
ees,linear_conflict,1.5,hard,16,True,41,31,1.3226,232,498,22.9
ees,linear_conflict,1.5,hard,17,True,34,34,1.0,31885,56633,2665.36
ees,linear_conflict,1.5,hard,18,True,32,32,1.0,37904,56394,2915.25
ees,linear_conflict,1.5,hard,19,True,30,30,1.0,5719,10286,533.47
weighted_astar,linear_conflict,2.0,easy,0,True,22,20,1.1,382,799,12.93
weighted_astar,linear_conflict,2.0,easy,1,True,27,27,1.0,31,65,1.28
weighted_astar,linear_conflict,2.0,easy,2,True,18,18,1.0,19,41,0.83
weighted_astar,linear_conflict,2.0,easy,3,True,26,22,1.1818,49,108,1.77
weighted_astar,linear_conflict,2.0,easy,4,True,22,22,1.0,299,626,11.35
weighted_astar,linear_conflict,2.0,easy,5,True,20,20,1.0,28,60,0.94
weighted_astar,linear_conflict,2.0,easy,6,True,25,25,1.0,67,139,2.19
weighted_astar,linear_conflict,2.0,easy,7,True,24,22,1.0909,28,67,0.94
weighted_astar,linear_conflict,2.0,easy,8,True,26,24,1.0833,742,1540,23.95
weighted_astar,linear_conflict,2.0,easy,9,True,13,13,1.0,14,30,0.63
weighted_astar,linear_conflict,2.0,easy,10,True,21,21,1.0,24,51,1.24
weighted_astar,linear_conflict,2.0,easy,11,True,23,23,1.0,65,138,2.43
weighted_astar,linear_conflict,2.0,easy,12,True,17,17,1.0,21,50,0.72
weighted_astar,linear_conflict,2.0,easy,13,True,22,22,1.0,38,81,1.16
weighted_astar,linear_conflict,2.0,easy,14,True,30,28,1.0714,529,1107,17.66
weighted_astar,linear_conflict,2.0,easy,15,True,21,21,1.0,23,49,0.69
weighted_astar,linear_conflict,2.0,easy,16,True,27,27,1.0,63,133,2.04
weighted_astar,linear_conflict,2.0,easy,17,True,20,16,1.25,118,250,3.93
weighted_astar,linear_conflict,2.0,easy,18,True,32,24,1.3333,423,864,14.3
weighted_astar,linear_conflict,2.0,easy,19,True,27,23,1.1739,128,279,4.18
weighted_astar,linear_conflict,2.0,medium,0,True,47,43,1.093,474,946,17.02
weighted_astar,linear_conflict,2.0,medium,1,True,32,30,1.0667,326,699,11.51
weighted_astar,linear_conflict,2.0,medium,2,True,41,33,1.2424,121,266,3.89
weighted_astar,linear_conflict,2.0,medium,3,True,41,35,1.1714,1513,3132,51.91
weighted_astar,linear_conflict,2.0,medium,4,True,24,24,1.0,41,91,1.42
weighted_astar,linear_conflict,2.0,medium,5,True,37,31,1.1935,1938,4037,64.3
weighted_astar,linear_conflict,2.0,medium,6,True,31,27,1.1481,612,1273,20.88
weighted_astar,linear_conflict,2.0,medium,7,True,37,33,1.1212,309,642,9.24
weighted_astar,linear_conflict,2.0,medium,8,True,45,41,1.0976,1128,2369,34.01
weighted_astar,linear_conflict,2.0,medium,9,True,32,32,1.0,122,254,3.72
weighted_astar,linear_conflict,2.0,medium,10,True,27,25,1.08,42,96,1.37
weighted_astar,linear_conflict,2.0,medium,11,True,38,36,1.0556,1004,2086,31.29
weighted_astar,linear_conflict,2.0,medium,12,True,30,26,1.1538,615,1262,18.78
weighted_astar,linear_conflict,2.0,medium,13,True,34,34,1.0,97,193,2.63
weighted_astar,linear_conflict,2.0,medium,14,True,30,30,1.0,445,931,13.79
weighted_astar,linear_conflict,2.0,medium,15,True,35,31,1.129,702,1468,21.1
weighted_astar,linear_conflict,2.0,medium,16,True,38,26,1.4615,1232,2545,37.55
weighted_astar,linear_conflict,2.0,medium,17,True,21,21,1.0,107,223,3.25
weighted_astar,linear_conflict,2.0,medium,18,True,42,38,1.1053,1148,2373,32.85
weighted_astar,linear_conflict,2.0,medium,19,True,20,20,1.0,536,1083,15.64
weighted_astar,linear_conflict,2.0,hard,0,True,42,36,1.1667,1019,2122,34.2
weighted_astar,linear_conflict,2.0,hard,1,True,37,35,1.0571,455,930,14.45
weighted_astar,linear_conflict,2.0,hard,2,True,40,32,1.25,1062,2194,31.35
weighted_astar,linear_conflict,2.0,hard,3,True,57,49,1.1633,2563,5090,78.77
weighted_astar,linear_conflict,2.0,hard,4,True,42,36,1.1667,1413,2895,41.91
weighted_astar,linear_conflict,2.0,hard,5,True,46,40,1.15,1098,2247,32.2
weighted_astar,linear_conflict,2.0,hard,6,True,52,42,1.2381,4388,8870,131.41
weighted_astar,linear_conflict,2.0,hard,7,True,55,43,1.2791,1458,2980,44.61
weighted_astar,linear_conflict,2.0,hard,8,True,53,41,1.2927,1212,2523,38.15
weighted_astar,linear_conflict,2.0,hard,9,True,48,38,1.2632,2123,4330,63.52
weighted_astar,linear_conflict,2.0,hard,10,True,47,39,1.2051,358,723,12.67
weighted_astar,linear_conflict,2.0,hard,11,True,57,45,1.2667,19340,37862,636.59
weighted_astar,linear_conflict,2.0,hard,12,True,48,34,1.4118,330,680,10.12
weighted_astar,linear_conflict,2.0,hard,13,True,48,42,1.1429,611,1279,18.67
weighted_astar,linear_conflict,2.0,hard,14,True,48,42,1.1429,1843,3811,55.95
weighted_astar,linear_conflict,2.0,hard,15,True,38,30,1.2667,1102,2310,37.55
weighted_astar,linear_conflict,2.0,hard,16,True,35,31,1.129,193,414,6.15
weighted_astar,linear_conflict,2.0,hard,17,True,34,34,1.0,366,772,11.31
weighted_astar,linear_conflict,2.0,hard,18,True,36,32,1.125,1122,2314,38.65
weighted_astar,linear_conflict,2.0,hard,19,True,32,30,1.0667,1508,3100,45.56
focal_search,linear_conflict,2.0,easy,0,True,36,20,1.8,715,1486,80.66
focal_search,linear_conflict,2.0,easy,1,True,27,27,1.0,31,65,8.51
focal_search,linear_conflict,2.0,easy,2,True,18,18,1.0,19,41,3.44
focal_search,linear_conflict,2.0,easy,3,True,26,22,1.1818,51,113,14.79
focal_search,linear_conflict,2.0,easy,4,True,30,22,1.3636,67,147,17.72
focal_search,linear_conflict,2.0,easy,5,True,20,20,1.0,25,53,3.63
focal_search,linear_conflict,2.0,easy,6,True,31,25,1.24,85,186,10.03
focal_search,linear_conflict,2.0,easy,7,True,24,22,1.0909,28,67,6.71
focal_search,linear_conflict,2.0,easy,8,True,28,24,1.1667,600,1252,40.03
focal_search,linear_conflict,2.0,easy,9,True,13,13,1.0,14,30,1.25
focal_search,linear_conflict,2.0,easy,10,True,21,21,1.0,24,51,1.84
focal_search,linear_conflict,2.0,easy,11,True,41,23,1.7826,181,380,12.41
focal_search,linear_conflict,2.0,easy,12,True,17,17,1.0,21,50,1.91
focal_search,linear_conflict,2.0,easy,13,True,44,22,2.0,133,285,10.47
focal_search,linear_conflict,2.0,easy,14,True,36,28,1.2857,287,573,21.36
focal_search,linear_conflict,2.0,easy,15,True,21,21,1.0,22,46,1.66
focal_search,linear_conflict,2.0,easy,16,True,27,27,1.0,54,117,3.95
focal_search,linear_conflict,2.0,easy,17,True,20,16,1.25,54,122,5.03
focal_search,linear_conflict,2.0,easy,18,True,40,24,1.6667,642,1293,42.65
focal_search,linear_conflict,2.0,easy,19,True,37,23,1.6087,1798,3722,127.95
focal_search,linear_conflict,2.0,medium,0,True,57,43,1.3256,939,1929,75.66
focal_search,linear_conflict,2.0,medium,1,True,40,30,1.3333,187,402,13.39
focal_search,linear_conflict,2.0,medium,2,True,47,33,1.4242,76,172,6.54
focal_search,linear_conflict,2.0,medium,3,True,45,35,1.2857,102,207,7.65
focal_search,linear_conflict,2.0,medium,4,True,38,24,1.5833,643,1339,58.28
focal_search,linear_conflict,2.0,medium,5,True,41,31,1.3226,227,471,27.42
focal_search,linear_conflict,2.0,medium,6,True,35,27,1.2963,108,228,11.2
focal_search,linear_conflict,2.0,medium,7,True,43,33,1.303,153,329,13.09
focal_search,linear_conflict,2.0,medium,8,True,61,41,1.4878,3990,8349,417.14
focal_search,linear_conflict,2.0,medium,9,True,44,32,1.375,91,200,12.15
focal_search,linear_conflict,2.0,medium,10,True,41,25,1.64,256,536,33.75
focal_search,linear_conflict,2.0,medium,11,True,40,36,1.1111,3190,6549,268.43
focal_search,linear_conflict,2.0,medium,12,True,32,26,1.2308,130,274,11.96
focal_search,linear_conflict,2.0,medium,13,True,48,34,1.4118,11913,23577,1312.35
focal_search,linear_conflict,2.0,medium,14,True,44,30,1.4667,2925,5934,287.85
focal_search,linear_conflict,2.0,medium,15,True,45,31,1.4516,2944,5924,232.14
focal_search,linear_conflict,2.0,medium,16,True,44,26,1.6923,2634,5434,186.49
focal_search,linear_conflict,2.0,medium,17,True,25,21,1.1905,88,187,6.16
focal_search,linear_conflict,2.0,medium,18,True,50,38,1.3158,499,1061,31.08
focal_search,linear_conflict,2.0,medium,19,True,32,20,1.6,2815,5730,178.48
focal_search,linear_conflict,2.0,hard,0,True,52,36,1.4444,1246,2555,75.01
focal_search,linear_conflict,2.0,hard,1,True,45,35,1.2857,12610,25008,791.73
focal_search,linear_conflict,2.0,hard,2,True,50,32,1.5625,20897,41676,1344.93
focal_search,linear_conflict,2.0,hard,3,True,61,49,1.2449,123,248,8.36
focal_search,linear_conflict,2.0,hard,4,True,46,36,1.2778,354,739,25.63
focal_search,linear_conflict,2.0,hard,5,True,50,40,1.25,247,508,17.29
focal_search,linear_conflict,2.0,hard,6,True,60,42,1.4286,271,572,18.54
focal_search,linear_conflict,2.0,hard,7,True,65,43,1.5116,1467,2992,107.09
focal_search,linear_conflict,2.0,hard,8,True,57,41,1.3902,8058,16227,497.03
focal_search,linear_conflict,2.0,hard,9,True,52,38,1.3684,118,252,8.16
focal_search,linear_conflict,2.0,hard,10,True,53,39,1.359,1297,2718,91.3
focal_search,linear_conflict,2.0,hard,11,True,61,45,1.3556,34954,68375,2148.17
focal_search,linear_conflict,2.0,hard,12,True,46,34,1.3529,80,174,5.89
focal_search,linear_conflict,2.0,hard,13,True,64,42,1.5238,4798,9658,282.98
focal_search,linear_conflict,2.0,hard,14,True,56,42,1.3333,1394,2915,78.35
focal_search,linear_conflict,2.0,hard,15,True,48,30,1.6,1428,2926,103.22
focal_search,linear_conflict,2.0,hard,16,True,45,31,1.4516,237,516,18.22
focal_search,linear_conflict,2.0,hard,17,True,40,34,1.1765,4698,9501,300.24
focal_search,linear_conflict,2.0,hard,18,True,36,32,1.125,2352,4861,129.14
focal_search,linear_conflict,2.0,hard,19,True,34,30,1.1333,5672,11672,318.27
ees,linear_conflict,2.0,easy,0,True,36,20,1.8,393,808,53.85
ees,linear_conflict,2.0,easy,1,True,27,27,1.0,31,65,4.27
ees,linear_conflict,2.0,easy,2,True,18,18,1.0,19,41,3.08
ees,linear_conflict,2.0,easy,3,True,26,22,1.1818,51,113,7.91
ees,linear_conflict,2.0,easy,4,True,30,22,1.3636,67,147,9.71
ees,linear_conflict,2.0,easy,5,True,20,20,1.0,25,53,3.55
ees,linear_conflict,2.0,easy,6,True,31,25,1.24,85,186,12.97
ees,linear_conflict,2.0,easy,7,True,24,22,1.0909,28,67,4.28
ees,linear_conflict,2.0,easy,8,True,28,24,1.1667,600,1252,65.17
ees,linear_conflict,2.0,easy,9,True,13,13,1.0,14,30,1.29
ees,linear_conflict,2.0,easy,10,True,21,21,1.0,24,51,2.31
ees,linear_conflict,2.0,easy,11,True,41,23,1.7826,181,380,16.27
ees,linear_conflict,2.0,easy,12,True,17,17,1.0,21,50,2.24
ees,linear_conflict,2.0,easy,13,True,44,22,2.0,133,285,12.87
ees,linear_conflict,2.0,easy,14,True,36,28,1.2857,287,573,28.41
ees,linear_conflict,2.0,easy,15,True,21,21,1.0,22,46,1.9
ees,linear_conflict,2.0,easy,16,True,27,27,1.0,54,117,6.22
ees,linear_conflict,2.0,easy,17,True,20,16,1.25,54,122,7.65
ees,linear_conflict,2.0,easy,18,True,40,24,1.6667,642,1293,59.18
ees,linear_conflict,2.0,easy,19,True,37,23,1.6087,1983,4081,199.98
ees,linear_conflict,2.0,medium,0,True,57,43,1.3256,939,1929,92.27
ees,linear_conflict,2.0,medium,1,True,40,30,1.3333,187,402,17.83
ees,linear_conflict,2.0,medium,2,True,47,33,1.4242,76,172,8.71
ees,linear_conflict,2.0,medium,3,True,45,35,1.2857,102,207,9.65
ees,linear_conflict,2.0,medium,4,True,38,24,1.5833,653,1362,62.7
ees,linear_conflict,2.0,medium,5,True,41,31,1.3226,227,471,21.47
ees,linear_conflict,2.0,medium,6,True,35,27,1.2963,108,228,10.51
ees,linear_conflict,2.0,medium,7,True,43,33,1.303,153,329,15.66
ees,linear_conflict,2.0,medium,8,True,61,41,1.4878,3990,8349,397.58
ees,linear_conflict,2.0,medium,9,True,44,32,1.375,91,200,9.05
ees,linear_conflict,2.0,medium,10,True,41,25,1.64,257,537,28.13
ees,linear_conflict,2.0,medium,11,True,40,36,1.1111,3418,7002,322.18
ees,linear_conflict,2.0,medium,12,True,32,26,1.2308,130,274,13.31
ees,linear_conflict,2.0,medium,13,True,48,34,1.4118,12160,24047,1133.21
ees,linear_conflict,2.0,medium,14,True,44,30,1.4667,2928,5940,260.21
ees,linear_conflict,2.0,medium,15,True,45,31,1.4516,3001,6024,277.05
ees,linear_conflict,2.0,medium,16,True,44,26,1.6923,3019,6215,290.6
ees,linear_conflict,2.0,medium,17,True,25,21,1.1905,88,187,8.83
ees,linear_conflict,2.0,medium,18,True,50,38,1.3158,502,1068,57.38
ees,linear_conflict,2.0,medium,19,True,32,20,1.6,3132,6342,324.01
ees,linear_conflict,2.0,hard,0,True,52,36,1.4444,1246,2555,115.59
ees,linear_conflict,2.0,hard,1,True,45,35,1.2857,12880,25519,1228.96
ees,linear_conflict,2.0,hard,2,True,50,32,1.5625,24106,47785,2377.2
ees,linear_conflict,2.0,hard,3,True,61,49,1.2449,123,248,11.42
ees,linear_conflict,2.0,hard,4,True,46,36,1.2778,381,794,36.59
ees,linear_conflict,2.0,hard,5,True,50,40,1.25,247,508,22.47
ees,linear_conflict,2.0,hard,6,True,60,42,1.4286,280,587,27.38
ees,linear_conflict,2.0,hard,7,True,65,43,1.5116,1468,2993,134.28
ees,linear_conflict,2.0,hard,8,True,57,41,1.3902,10400,20892,876.65
ees,linear_conflict,2.0,hard,9,True,52,38,1.3684,118,252,10.82
ees,linear_conflict,2.0,hard,10,True,53,39,1.359,1297,2718,123.09
ees,linear_conflict,2.0,hard,11,True,61,45,1.3556,38815,75707,3313.48
ees,linear_conflict,2.0,hard,12,True,46,34,1.3529,80,174,7.14
ees,linear_conflict,2.0,hard,13,True,64,42,1.5238,4940,9956,429.29
ees,linear_conflict,2.0,hard,14,True,56,42,1.3333,1394,2915,122.72
ees,linear_conflict,2.0,hard,15,True,48,30,1.6,1502,3070,141.82
ees,linear_conflict,2.0,hard,16,True,45,31,1.4516,238,518,22.29
ees,linear_conflict,2.0,hard,17,True,40,34,1.1765,3119,6338,266.55
ees,linear_conflict,2.0,hard,18,True,36,32,1.125,2402,4963,221.44
ees,linear_conflict,2.0,hard,19,True,34,30,1.1333,6088,12514,604.11
weighted_astar,linear_conflict,3.0,easy,0,True,38,20,1.9,627,1301,23.77
weighted_astar,linear_conflict,3.0,easy,1,True,27,27,1.0,31,65,0.9
weighted_astar,linear_conflict,3.0,easy,2,True,18,18,1.0,19,41,0.55
weighted_astar,linear_conflict,3.0,easy,3,True,26,22,1.1818,47,104,1.73
weighted_astar,linear_conflict,3.0,easy,4,True,30,22,1.3636,156,335,4.91
weighted_astar,linear_conflict,3.0,easy,5,True,20,20,1.0,26,54,0.74
weighted_astar,linear_conflict,3.0,easy,6,True,29,25,1.16,49,102,1.55
weighted_astar,linear_conflict,3.0,easy,7,True,24,22,1.0909,28,67,0.97
weighted_astar,linear_conflict,3.0,easy,8,True,36,24,1.5,523,1079,16.85
weighted_astar,linear_conflict,3.0,easy,9,True,13,13,1.0,14,30,0.87
weighted_astar,linear_conflict,3.0,easy,10,True,21,21,1.0,24,51,2.08
weighted_astar,linear_conflict,3.0,easy,11,True,23,23,1.0,177,386,6.24
weighted_astar,linear_conflict,3.0,easy,12,True,17,17,1.0,21,50,0.99
weighted_astar,linear_conflict,3.0,easy,13,True,26,22,1.1818,39,86,1.2
weighted_astar,linear_conflict,3.0,easy,14,True,30,28,1.0714,309,654,10.17
weighted_astar,linear_conflict,3.0,easy,15,True,21,21,1.0,22,46,0.62
weighted_astar,linear_conflict,3.0,easy,16,True,27,27,1.0,52,112,1.73
weighted_astar,linear_conflict,3.0,easy,17,True,20,16,1.25,76,169,2.72
weighted_astar,linear_conflict,3.0,easy,18,True,34,24,1.4167,186,386,5.6
weighted_astar,linear_conflict,3.0,easy,19,True,27,23,1.1739,179,386,5.95
weighted_astar,linear_conflict,3.0,medium,0,True,61,43,1.4186,858,1774,26.66
weighted_astar,linear_conflict,3.0,medium,1,True,36,30,1.2,162,352,6.25
weighted_astar,linear_conflict,3.0,medium,2,True,49,33,1.4848,117,253,3.63
weighted_astar,linear_conflict,3.0,medium,3,True,53,35,1.5143,2539,5175,78.99
weighted_astar,linear_conflict,3.0,medium,4,True,24,24,1.0,166,356,4.96
weighted_astar,linear_conflict,3.0,medium,5,True,39,31,1.2581,527,1104,15.32
weighted_astar,linear_conflict,3.0,medium,6,True,39,27,1.4444,325,689,11.13
weighted_astar,linear_conflict,3.0,medium,7,True,43,33,1.303,151,322,4.55
weighted_astar,linear_conflict,3.0,medium,8,True,55,41,1.3415,527,1112,15.99
weighted_astar,linear_conflict,3.0,medium,9,True,32,32,1.0,83,175,2.46
weighted_astar,linear_conflict,3.0,medium,10,True,27,25,1.08,40,92,1.31
weighted_astar,linear_conflict,3.0,medium,11,True,38,36,1.0556,485,1014,14.28
weighted_astar,linear_conflict,3.0,medium,12,True,32,26,1.2308,315,658,9.54
weighted_astar,linear_conflict,3.0,medium,13,True,42,34,1.2353,1190,2417,35.18
weighted_astar,linear_conflict,3.0,medium,14,True,42,30,1.4,372,780,10.69
weighted_astar,linear_conflict,3.0,medium,15,True,49,31,1.5806,1021,2116,32.39
weighted_astar,linear_conflict,3.0,medium,16,True,46,26,1.7692,2063,4258,68.51
weighted_astar,linear_conflict,3.0,medium,17,True,21,21,1.0,88,188,3.24
weighted_astar,linear_conflict,3.0,medium,18,True,48,38,1.2632,216,461,6.84
weighted_astar,linear_conflict,3.0,medium,19,True,34,20,1.7,1584,3262,52.36
weighted_astar,linear_conflict,3.0,hard,0,True,52,36,1.4444,663,1377,19.92
weighted_astar,linear_conflict,3.0,hard,1,True,41,35,1.1714,496,1037,16.25
weighted_astar,linear_conflict,3.0,hard,2,True,46,32,1.4375,651,1369,20.92
weighted_astar,linear_conflict,3.0,hard,3,True,61,49,1.2449,171,352,5.44
weighted_astar,linear_conflict,3.0,hard,4,True,46,36,1.2778,424,885,12.56
weighted_astar,linear_conflict,3.0,hard,5,True,50,40,1.25,214,435,7.73
weighted_astar,linear_conflict,3.0,hard,6,True,56,42,1.3333,1847,3711,55.54
weighted_astar,linear_conflict,3.0,hard,7,True,59,43,1.3721,194,405,5.42
weighted_astar,linear_conflict,3.0,hard,8,True,69,41,1.6829,1083,2207,31.06
weighted_astar,linear_conflict,3.0,hard,9,True,50,38,1.3158,322,653,10.5
weighted_astar,linear_conflict,3.0,hard,10,True,53,39,1.359,212,447,6.9
weighted_astar,linear_conflict,3.0,hard,11,True,63,45,1.4,2167,4345,67.71
weighted_astar,linear_conflict,3.0,hard,12,True,54,34,1.5882,677,1401,21.78
weighted_astar,linear_conflict,3.0,hard,13,True,60,42,1.4286,304,636,9.32
weighted_astar,linear_conflict,3.0,hard,14,True,58,42,1.381,470,996,13.66
weighted_astar,linear_conflict,3.0,hard,15,True,42,30,1.4,320,666,9.37
weighted_astar,linear_conflict,3.0,hard,16,True,37,31,1.1935,191,405,6.01
weighted_astar,linear_conflict,3.0,hard,17,True,38,34,1.1176,393,827,11.49
weighted_astar,linear_conflict,3.0,hard,18,True,36,32,1.125,1099,2275,33.4
weighted_astar,linear_conflict,3.0,hard,19,True,34,30,1.1333,854,1755,26.0
focal_search,linear_conflict,3.0,easy,0,True,48,20,2.4,198,424,16.95
focal_search,linear_conflict,3.0,easy,1,True,27,27,1.0,31,65,2.27
focal_search,linear_conflict,3.0,easy,2,True,18,18,1.0,19,41,1.39
focal_search,linear_conflict,3.0,easy,3,True,26,22,1.1818,51,113,3.8
focal_search,linear_conflict,3.0,easy,4,True,30,22,1.3636,67,147,6.32
focal_search,linear_conflict,3.0,easy,5,True,20,20,1.0,25,53,1.77
focal_search,linear_conflict,3.0,easy,6,True,31,25,1.24,85,186,6.09
focal_search,linear_conflict,3.0,easy,7,True,24,22,1.0909,28,67,2.06
focal_search,linear_conflict,3.0,easy,8,True,38,24,1.5833,245,504,18.41
focal_search,linear_conflict,3.0,easy,9,True,13,13,1.0,14,30,1.16
focal_search,linear_conflict,3.0,easy,10,True,21,21,1.0,24,51,3.18
focal_search,linear_conflict,3.0,easy,11,True,41,23,1.7826,227,476,16.85
focal_search,linear_conflict,3.0,easy,12,True,17,17,1.0,21,50,1.7
focal_search,linear_conflict,3.0,easy,13,True,44,22,2.0,150,317,11.0
focal_search,linear_conflict,3.0,easy,14,True,40,28,1.4286,452,921,35.17
focal_search,linear_conflict,3.0,easy,15,True,21,21,1.0,22,46,1.63
focal_search,linear_conflict,3.0,easy,16,True,27,27,1.0,54,117,4.51
focal_search,linear_conflict,3.0,easy,17,True,20,16,1.25,54,122,4.36
focal_search,linear_conflict,3.0,easy,18,True,50,24,2.0833,360,764,28.1
focal_search,linear_conflict,3.0,easy,19,True,59,23,2.5652,319,678,25.64
focal_search,linear_conflict,3.0,medium,0,True,87,43,2.0233,377,778,28.83
focal_search,linear_conflict,3.0,medium,1,True,52,30,1.7333,680,1394,52.21
focal_search,linear_conflict,3.0,medium,2,True,47,33,1.4242,76,172,7.95
focal_search,linear_conflict,3.0,medium,3,True,45,35,1.2857,102,207,7.41
focal_search,linear_conflict,3.0,medium,4,True,50,24,2.0833,184,398,15.15
focal_search,linear_conflict,3.0,medium,5,True,41,31,1.3226,227,471,16.47
focal_search,linear_conflict,3.0,medium,6,True,35,27,1.2963,108,228,8.02
focal_search,linear_conflict,3.0,medium,7,True,43,33,1.303,182,385,13.46
focal_search,linear_conflict,3.0,medium,8,True,81,41,1.9756,3509,7262,226.49
focal_search,linear_conflict,3.0,medium,9,True,44,32,1.375,91,200,6.65
focal_search,linear_conflict,3.0,medium,10,True,59,25,2.36,253,534,18.58
focal_search,linear_conflict,3.0,medium,11,True,60,36,1.6667,6743,13657,450.87
focal_search,linear_conflict,3.0,medium,12,True,32,26,1.2308,139,290,9.84
focal_search,linear_conflict,3.0,medium,13,True,72,34,2.1176,1273,2621,94.4
focal_search,linear_conflict,3.0,medium,14,True,66,30,2.2,328,678,22.39
focal_search,linear_conflict,3.0,medium,15,True,61,31,1.9677,294,614,21.81
focal_search,linear_conflict,3.0,medium,16,True,66,26,2.5385,570,1183,57.41
focal_search,linear_conflict,3.0,medium,17,True,25,21,1.1905,102,216,17.59
focal_search,linear_conflict,3.0,medium,18,True,66,38,1.7368,307,658,29.24
focal_search,linear_conflict,3.0,medium,19,True,48,20,2.4,1181,2443,83.39
focal_search,linear_conflict,3.0,hard,0,True,66,36,1.8333,2388,4908,162.66
focal_search,linear_conflict,3.0,hard,1,True,51,35,1.4571,196,400,13.98
focal_search,linear_conflict,3.0,hard,2,True,78,32,2.4375,21917,43699,1465.96
focal_search,linear_conflict,3.0,hard,3,True,61,49,1.2449,123,248,9.08
focal_search,linear_conflict,3.0,hard,4,True,46,36,1.2778,369,769,27.58
focal_search,linear_conflict,3.0,hard,5,True,50,40,1.25,247,508,18.7
focal_search,linear_conflict,3.0,hard,6,True,66,42,1.5714,339,714,24.78
focal_search,linear_conflict,3.0,hard,7,True,83,43,1.9302,237,497,18.13
focal_search,linear_conflict,3.0,hard,8,True,83,41,2.0244,343,701,23.87
focal_search,linear_conflict,3.0,hard,9,True,52,38,1.3684,118,252,8.26
focal_search,linear_conflict,3.0,hard,10,True,71,39,1.8205,337,710,24.47
focal_search,linear_conflict,3.0,hard,11,True,91,45,2.0222,929,1967,63.93
focal_search,linear_conflict,3.0,hard,12,True,46,34,1.3529,80,174,5.67
focal_search,linear_conflict,3.0,hard,13,True,88,42,2.0952,367,761,30.25
focal_search,linear_conflict,3.0,hard,14,True,72,42,1.7143,18403,37114,1167.71
focal_search,linear_conflict,3.0,hard,15,True,58,30,1.9333,230,503,18.18
focal_search,linear_conflict,3.0,hard,16,True,45,31,1.4516,237,516,19.65
focal_search,linear_conflict,3.0,hard,17,True,44,34,1.2941,107,241,8.08
focal_search,linear_conflict,3.0,hard,18,True,48,32,1.5,242,508,17.96
focal_search,linear_conflict,3.0,hard,19,True,54,30,1.8,283,601,20.01
ees,linear_conflict,3.0,easy,0,True,42,20,2.1,153,320,17.78
ees,linear_conflict,3.0,easy,1,True,27,27,1.0,31,65,5.54
ees,linear_conflict,3.0,easy,2,True,18,18,1.0,19,41,2.08
ees,linear_conflict,3.0,easy,3,True,26,22,1.1818,51,113,5.5
ees,linear_conflict,3.0,easy,4,True,30,22,1.3636,67,147,8.64
ees,linear_conflict,3.0,easy,5,True,20,20,1.0,25,53,2.39
ees,linear_conflict,3.0,easy,6,True,31,25,1.24,85,186,8.35
ees,linear_conflict,3.0,easy,7,True,24,22,1.0909,28,67,4.16
ees,linear_conflict,3.0,easy,8,True,38,24,1.5833,245,504,29.42
ees,linear_conflict,3.0,easy,9,True,13,13,1.0,14,30,1.75
ees,linear_conflict,3.0,easy,10,True,21,21,1.0,24,51,2.7
ees,linear_conflict,3.0,easy,11,True,41,23,1.7826,237,497,26.1
ees,linear_conflict,3.0,easy,12,True,17,17,1.0,21,50,2.31
ees,linear_conflict,3.0,easy,13,True,44,22,2.0,153,323,20.62
ees,linear_conflict,3.0,easy,14,True,40,28,1.4286,453,923,43.57
ees,linear_conflict,3.0,easy,15,True,21,21,1.0,22,46,2.01
ees,linear_conflict,3.0,easy,16,True,27,27,1.0,54,117,5.44
ees,linear_conflict,3.0,easy,17,True,20,16,1.25,54,122,5.56
ees,linear_conflict,3.0,easy,18,True,50,24,2.0833,362,766,38.19
ees,linear_conflict,3.0,easy,19,True,59,23,2.5652,319,678,32.61
ees,linear_conflict,3.0,medium,0,True,87,43,2.0233,377,778,37.43
ees,linear_conflict,3.0,medium,1,True,52,30,1.7333,829,1690,83.28
ees,linear_conflict,3.0,medium,2,True,47,33,1.4242,76,172,7.78
ees,linear_conflict,3.0,medium,3,True,45,35,1.2857,102,207,9.74
ees,linear_conflict,3.0,medium,4,True,50,24,2.0833,186,404,18.56
ees,linear_conflict,3.0,medium,5,True,41,31,1.3226,227,471,21.39
ees,linear_conflict,3.0,medium,6,True,35,27,1.2963,108,228,10.65
ees,linear_conflict,3.0,medium,7,True,43,33,1.303,195,407,18.87
ees,linear_conflict,3.0,medium,8,True,81,41,1.9756,3519,7279,344.37
ees,linear_conflict,3.0,medium,9,True,44,32,1.375,91,200,9.91
ees,linear_conflict,3.0,medium,10,True,59,25,2.36,254,535,27.38
ees,linear_conflict,3.0,medium,11,True,60,36,1.6667,8085,16326,827.29
ees,linear_conflict,3.0,medium,12,True,32,26,1.2308,141,294,13.44
ees,linear_conflict,3.0,medium,13,True,72,34,2.1176,1546,3177,163.62
ees,linear_conflict,3.0,medium,14,True,66,30,2.2,328,678,30.73
ees,linear_conflict,3.0,medium,15,True,61,31,1.9677,306,637,30.24
ees,linear_conflict,3.0,medium,16,True,66,26,2.5385,582,1210,57.99
ees,linear_conflict,3.0,medium,17,True,25,21,1.1905,102,216,10.11
ees,linear_conflict,3.0,medium,18,True,66,38,1.7368,310,665,29.77
ees,linear_conflict,3.0,medium,19,True,48,20,2.4,1214,2499,121.28
ees,linear_conflict,3.0,hard,0,True,66,36,1.8333,2804,5755,309.9
ees,linear_conflict,3.0,hard,1,True,51,35,1.4571,196,400,20.06
ees,linear_conflict,3.0,hard,2,True,78,32,2.4375,30684,60685,3198.54
ees,linear_conflict,3.0,hard,3,True,61,49,1.2449,123,248,12.79
ees,linear_conflict,3.0,hard,4,True,46,36,1.2778,396,824,39.59
ees,linear_conflict,3.0,hard,5,True,50,40,1.25,247,508,24.87
ees,linear_conflict,3.0,hard,6,True,66,42,1.5714,349,730,35.93
ees,linear_conflict,3.0,hard,7,True,83,43,1.9302,237,497,23.76
ees,linear_conflict,3.0,hard,8,True,83,41,2.0244,345,705,34.11
ees,linear_conflict,3.0,hard,9,True,52,38,1.3684,118,252,12.12
ees,linear_conflict,3.0,hard,10,True,71,39,1.8205,347,725,35.1
ees,linear_conflict,3.0,hard,11,True,91,45,2.0222,929,1967,96.01
ees,linear_conflict,3.0,hard,12,True,46,34,1.3529,80,174,7.66
ees,linear_conflict,3.0,hard,13,True,88,42,2.0952,383,790,38.18
ees,linear_conflict,3.0,hard,14,True,72,42,1.7143,20324,40951,1999.1
ees,linear_conflict,3.0,hard,15,True,58,30,1.9333,230,503,27.98
ees,linear_conflict,3.0,hard,16,True,45,31,1.4516,238,518,26.0
ees,linear_conflict,3.0,hard,17,True,44,34,1.2941,107,241,11.55
ees,linear_conflict,3.0,hard,18,True,48,32,1.5,242,508,26.06
ees,linear_conflict,3.0,hard,19,True,54,30,1.8,283,601,33.04
weighted_astar,pdb,1.1,easy,0,True,20,20,1.0,23,50,0.35
weighted_astar,pdb,1.1,easy,1,True,27,27,1.0,51,109,0.64
weighted_astar,pdb,1.1,easy,2,True,18,18,1.0,19,41,0.2
weighted_astar,pdb,1.1,easy,3,True,22,22,1.0,25,55,0.24
weighted_astar,pdb,1.1,easy,4,True,22,22,1.0,24,54,0.24
weighted_astar,pdb,1.1,easy,5,True,20,20,1.0,21,44,0.21
weighted_astar,pdb,1.1,easy,6,True,25,25,1.0,26,55,0.25
weighted_astar,pdb,1.1,easy,7,True,22,22,1.0,29,67,0.35
weighted_astar,pdb,1.1,easy,8,True,24,24,1.0,32,73,0.35
weighted_astar,pdb,1.1,easy,9,True,13,13,1.0,14,30,0.12
weighted_astar,pdb,1.1,easy,10,True,21,21,1.0,22,47,0.21
weighted_astar,pdb,1.1,easy,11,True,23,23,1.0,24,48,0.22
weighted_astar,pdb,1.1,easy,12,True,17,17,1.0,18,42,0.16
weighted_astar,pdb,1.1,easy,13,True,22,22,1.0,23,51,0.23
weighted_astar,pdb,1.1,easy,14,True,28,28,1.0,39,84,0.39
weighted_astar,pdb,1.1,easy,15,True,21,21,1.0,22,46,0.24
weighted_astar,pdb,1.1,easy,16,True,27,27,1.0,99,210,0.99
weighted_astar,pdb,1.1,easy,17,True,16,16,1.0,17,40,0.17
weighted_astar,pdb,1.1,easy,18,True,24,24,1.0,107,225,1.05
weighted_astar,pdb,1.1,easy,19,True,25,23,1.087,40,89,0.38
weighted_astar,pdb,1.1,medium,0,True,43,43,1.0,451,972,5.25
weighted_astar,pdb,1.1,medium,1,True,30,30,1.0,365,788,4.05
weighted_astar,pdb,1.1,medium,2,True,33,33,1.0,90,187,0.99
weighted_astar,pdb,1.1,medium,3,True,35,35,1.0,492,1053,5.55
weighted_astar,pdb,1.1,medium,4,True,24,24,1.0,27,61,0.27
weighted_astar,pdb,1.1,medium,5,True,31,31,1.0,837,1810,7.85
weighted_astar,pdb,1.1,medium,6,True,27,27,1.0,39,88,0.39
weighted_astar,pdb,1.1,medium,7,True,33,33,1.0,101,208,0.92
weighted_astar,pdb,1.1,medium,8,True,41,41,1.0,456,959,5.7
weighted_astar,pdb,1.1,medium,9,True,32,32,1.0,50,111,0.84
weighted_astar,pdb,1.1,medium,10,True,25,25,1.0,41,92,0.55
weighted_astar,pdb,1.1,medium,11,True,36,36,1.0,2247,4726,21.81
weighted_astar,pdb,1.1,medium,12,True,26,26,1.0,1025,2194,10.5
weighted_astar,pdb,1.1,medium,13,True,34,34,1.0,1807,3829,16.72
weighted_astar,pdb,1.1,medium,14,True,30,30,1.0,34,78,0.34
weighted_astar,pdb,1.1,medium,15,True,31,31,1.0,320,702,2.8
weighted_astar,pdb,1.1,medium,16,True,26,26,1.0,32,72,0.31
weighted_astar,pdb,1.1,medium,17,True,21,21,1.0,63,133,0.49
weighted_astar,pdb,1.1,medium,18,True,38,38,1.0,2112,4410,19.45
weighted_astar,pdb,1.1,medium,19,True,20,20,1.0,46,103,0.53
weighted_astar,pdb,1.1,hard,0,True,36,36,1.0,354,759,3.76
weighted_astar,pdb,1.1,hard,1,True,35,35,1.0,204,436,26.24
weighted_astar,pdb,1.1,hard,2,True,32,32,1.0,41,86,0.58
weighted_astar,pdb,1.1,hard,3,True,51,49,1.0408,13919,28529,151.69
weighted_astar,pdb,1.1,hard,4,True,38,36,1.0556,1414,3002,12.07
weighted_astar,pdb,1.1,hard,5,True,40,40,1.0,3195,6749,30.23
weighted_astar,pdb,1.1,hard,6,True,42,42,1.0,6383,13256,56.86
weighted_astar,pdb,1.1,hard,7,True,43,43,1.0,3668,7668,34.34
weighted_astar,pdb,1.1,hard,8,True,43,41,1.0488,1086,2319,10.18
weighted_astar,pdb,1.1,hard,9,True,42,38,1.1053,1940,4120,21.27
weighted_astar,pdb,1.1,hard,10,True,39,39,1.0,228,487,2.51
weighted_astar,pdb,1.1,hard,11,True,45,45,1.0,3434,7203,33.18
weighted_astar,pdb,1.1,hard,12,True,36,34,1.0588,97,201,1.08
weighted_astar,pdb,1.1,hard,13,True,42,42,1.0,1882,3968,18.36
weighted_astar,pdb,1.1,hard,14,True,44,42,1.0476,2632,5508,26.95
weighted_astar,pdb,1.1,hard,15,True,30,30,1.0,590,1193,5.89
weighted_astar,pdb,1.1,hard,16,True,31,31,1.0,100,210,0.9
weighted_astar,pdb,1.1,hard,17,True,34,34,1.0,446,937,4.27
weighted_astar,pdb,1.1,hard,18,True,32,32,1.0,900,1890,8.18
weighted_astar,pdb,1.1,hard,19,True,30,30,1.0,105,236,1.27
focal_search,pdb,1.1,easy,0,True,20,20,1.0,23,50,0.56
focal_search,pdb,1.1,easy,1,True,27,27,1.0,30,63,0.48
focal_search,pdb,1.1,easy,2,True,18,18,1.0,19,41,0.26
focal_search,pdb,1.1,easy,3,True,22,22,1.0,25,55,0.45
focal_search,pdb,1.1,easy,4,True,22,22,1.0,24,54,0.51
focal_search,pdb,1.1,easy,5,True,20,20,1.0,21,44,0.39
focal_search,pdb,1.1,easy,6,True,25,25,1.0,26,55,0.44
focal_search,pdb,1.1,easy,7,True,22,22,1.0,40,89,0.67
focal_search,pdb,1.1,easy,8,True,24,24,1.0,26,59,0.41
focal_search,pdb,1.1,easy,9,True,13,13,1.0,14,30,0.19
focal_search,pdb,1.1,easy,10,True,21,21,1.0,22,47,0.36
focal_search,pdb,1.1,easy,11,True,23,23,1.0,24,48,0.39
focal_search,pdb,1.1,easy,12,True,17,17,1.0,18,42,0.25
focal_search,pdb,1.1,easy,13,True,22,22,1.0,23,51,0.42
focal_search,pdb,1.1,easy,14,True,28,28,1.0,49,108,0.8
focal_search,pdb,1.1,easy,15,True,21,21,1.0,22,46,0.37
focal_search,pdb,1.1,easy,16,True,27,27,1.0,126,210,1.91
focal_search,pdb,1.1,easy,17,True,16,16,1.0,17,40,0.31
focal_search,pdb,1.1,easy,18,True,24,24,1.0,128,225,1.79
focal_search,pdb,1.1,easy,19,True,25,23,1.087,40,89,0.66
focal_search,pdb,1.1,medium,0,True,43,43,1.0,1490,2368,30.53
focal_search,pdb,1.1,medium,1,True,30,30,1.0,505,788,8.17
focal_search,pdb,1.1,medium,2,True,33,33,1.0,110,187,1.67
focal_search,pdb,1.1,medium,3,True,35,35,1.0,712,1530,10.07
focal_search,pdb,1.1,medium,4,True,24,24,1.0,27,61,0.42
focal_search,pdb,1.1,medium,5,True,31,31,1.0,962,1765,13.68
focal_search,pdb,1.1,medium,6,True,27,27,1.0,36,81,0.54
focal_search,pdb,1.1,medium,7,True,33,33,1.0,176,377,2.96
focal_search,pdb,1.1,medium,8,True,41,41,1.0,391,866,6.19
focal_search,pdb,1.1,medium,9,True,32,32,1.0,81,176,1.25
focal_search,pdb,1.1,medium,10,True,25,25,1.0,41,92,0.59
focal_search,pdb,1.1,medium,11,True,36,36,1.0,3613,4999,55.96
focal_search,pdb,1.1,medium,12,True,26,26,1.0,1641,2194,23.16
focal_search,pdb,1.1,medium,13,True,34,34,1.0,2876,3830,44.23
focal_search,pdb,1.1,medium,14,True,30,30,1.0,34,78,0.78
focal_search,pdb,1.1,medium,15,True,31,31,1.0,322,705,5.41
focal_search,pdb,1.1,medium,16,True,30,26,1.1538,73,162,1.17
focal_search,pdb,1.1,medium,17,True,21,21,1.0,115,144,1.12
focal_search,pdb,1.1,medium,18,True,38,38,1.0,3138,4410,41.26
focal_search,pdb,1.1,medium,19,True,20,20,1.0,86,162,1.77
focal_search,pdb,1.1,hard,0,True,36,36,1.0,515,759,7.41
focal_search,pdb,1.1,hard,1,True,35,35,1.0,264,436,3.58
focal_search,pdb,1.1,hard,2,True,32,32,1.0,44,86,0.73
focal_search,pdb,1.1,hard,3,True,51,49,1.0408,21209,40652,429.84
focal_search,pdb,1.1,hard,4,True,38,36,1.0556,2074,3002,29.21
focal_search,pdb,1.1,hard,5,True,40,40,1.0,5259,7360,86.36
focal_search,pdb,1.1,hard,6,True,44,42,1.0476,9329,12485,163.78
focal_search,pdb,1.1,hard,7,True,45,43,1.0465,61,137,1.07
focal_search,pdb,1.1,hard,8,True,45,41,1.0976,3328,7058,52.52
focal_search,pdb,1.1,hard,9,True,40,38,1.0526,2607,5551,41.92
focal_search,pdb,1.1,hard,10,True,39,39,1.0,455,807,8.58
focal_search,pdb,1.1,hard,11,True,45,45,1.0,3538,7113,50.56
focal_search,pdb,1.1,hard,12,True,36,34,1.0588,101,216,1.58
focal_search,pdb,1.1,hard,13,True,44,42,1.0476,2567,3624,40.62
focal_search,pdb,1.1,hard,14,True,44,42,1.0476,954,1642,15.76
focal_search,pdb,1.1,hard,15,True,30,30,1.0,800,1193,10.74
focal_search,pdb,1.1,hard,16,True,31,31,1.0,60,127,0.98
focal_search,pdb,1.1,hard,17,True,34,34,1.0,653,938,10.72
focal_search,pdb,1.1,hard,18,True,32,32,1.0,1354,1890,21.41
focal_search,pdb,1.1,hard,19,True,30,30,1.0,99,224,1.5
ees,pdb,1.1,easy,0,True,20,20,1.0,23,50,0.58
ees,pdb,1.1,easy,1,True,27,27,1.0,30,63,0.65
ees,pdb,1.1,easy,2,True,18,18,1.0,19,41,0.4
ees,pdb,1.1,easy,3,True,22,22,1.0,25,55,0.62
ees,pdb,1.1,easy,4,True,22,22,1.0,24,54,0.53
ees,pdb,1.1,easy,5,True,20,20,1.0,21,44,0.44
ees,pdb,1.1,easy,6,True,25,25,1.0,26,55,0.57
ees,pdb,1.1,easy,7,True,22,22,1.0,40,89,0.88
ees,pdb,1.1,easy,8,True,24,24,1.0,26,59,0.6
ees,pdb,1.1,easy,9,True,13,13,1.0,14,30,0.35
ees,pdb,1.1,easy,10,True,21,21,1.0,22,47,0.5
ees,pdb,1.1,easy,11,True,23,23,1.0,24,48,0.49
ees,pdb,1.1,easy,12,True,17,17,1.0,18,42,0.39
ees,pdb,1.1,easy,13,True,22,22,1.0,23,51,0.6
ees,pdb,1.1,easy,14,True,28,28,1.0,39,84,0.84
ees,pdb,1.1,easy,15,True,21,21,1.0,22,46,0.47
ees,pdb,1.1,easy,16,True,27,27,1.0,398,565,9.9
ees,pdb,1.1,easy,17,True,16,16,1.0,17,40,0.4
ees,pdb,1.1,easy,18,True,24,24,1.0,116,187,2.11
ees,pdb,1.1,easy,19,True,25,23,1.087,40,89,0.95
ees,pdb,1.1,medium,0,True,43,43,1.0,1436,2335,33.15
ees,pdb,1.1,medium,1,True,30,30,1.0,482,867,11.16
ees,pdb,1.1,medium,2,True,33,33,1.0,581,835,9.97
ees,pdb,1.1,medium,3,True,35,35,1.0,1147,2075,26.0
ees,pdb,1.1,medium,4,True,24,24,1.0,27,61,0.93
ees,pdb,1.1,medium,5,True,31,31,1.0,351,514,6.99
ees,pdb,1.1,medium,6,True,27,27,1.0,36,81,0.9
ees,pdb,1.1,medium,7,True,33,33,1.0,749,1019,12.71
ees,pdb,1.1,medium,8,True,41,41,1.0,3280,6107,70.44
ees,pdb,1.1,medium,9,True,32,32,1.0,50,111,1.14
ees,pdb,1.1,medium,10,True,25,25,1.0,41,92,0.9
ees,pdb,1.1,medium,11,True,36,36,1.0,9512,17901,209.42
ees,pdb,1.1,medium,12,True,26,26,1.0,2025,3569,42.91
ees,pdb,1.1,medium,13,True,34,34,1.0,6437,11746,138.42
ees,pdb,1.1,medium,14,True,30,30,1.0,34,78,0.81
ees,pdb,1.1,medium,15,True,31,31,1.0,356,633,8.12
ees,pdb,1.1,medium,16,True,26,26,1.0,56,124,1.3
ees,pdb,1.1,medium,17,True,23,21,1.0952,191,214,2.3
ees,pdb,1.1,medium,18,True,38,38,1.0,5475,10165,120.98
ees,pdb,1.1,medium,19,True,20,20,1.0,200,385,4.82
ees,pdb,1.1,hard,0,True,36,36,1.0,1520,2676,33.83
ees,pdb,1.1,hard,1,True,35,35,1.0,734,1130,13.43
ees,pdb,1.1,hard,2,True,34,32,1.0625,98,149,1.81
ees,pdb,1.1,hard,3,True,49,49,1.0,40463,76896,1016.25
ees,pdb,1.1,hard,4,True,36,36,1.0,3374,6305,75.97
ees,pdb,1.1,hard,5,True,40,40,1.0,4595,7224,88.47
ees,pdb,1.1,hard,6,True,42,42,1.0,23490,43300,538.61
ees,pdb,1.1,hard,7,True,43,43,1.0,4762,9022,111.39
ees,pdb,1.1,hard,8,True,43,41,1.0488,1772,3142,37.67
ees,pdb,1.1,hard,9,True,38,38,1.0,1791,3057,37.53
ees,pdb,1.1,hard,10,True,39,39,1.0,2700,4693,59.61
ees,pdb,1.1,hard,11,True,45,45,1.0,6991,12927,160.91
ees,pdb,1.1,hard,12,True,36,34,1.0588,101,216,2.42
ees,pdb,1.1,hard,13,True,44,42,1.0476,2241,3543,46.45
ees,pdb,1.1,hard,14,True,42,42,1.0,11634,22676,282.01
ees,pdb,1.1,hard,15,True,30,30,1.0,1174,1674,20.38
ees,pdb,1.1,hard,16,True,31,31,1.0,210,308,3.72
ees,pdb,1.1,hard,17,True,34,34,1.0,1969,3273,40.37
ees,pdb,1.1,hard,18,True,32,32,1.0,3122,5598,63.03
ees,pdb,1.1,hard,19,True,30,30,1.0,147,246,2.86
weighted_astar,pdb,1.5,easy,0,True,20,20,1.0,23,50,0.25
weighted_astar,pdb,1.5,easy,1,True,27,27,1.0,30,63,0.25
weighted_astar,pdb,1.5,easy,2,True,18,18,1.0,19,41,0.16
weighted_astar,pdb,1.5,easy,3,True,22,22,1.0,25,55,0.21
weighted_astar,pdb,1.5,easy,4,True,22,22,1.0,24,54,0.2
weighted_astar,pdb,1.5,easy,5,True,20,20,1.0,21,44,0.17
weighted_astar,pdb,1.5,easy,6,True,25,25,1.0,26,55,0.2
weighted_astar,pdb,1.5,easy,7,True,22,22,1.0,29,67,0.29
weighted_astar,pdb,1.5,easy,8,True,24,24,1.0,32,73,0.29
weighted_astar,pdb,1.5,easy,9,True,13,13,1.0,14,30,0.11
weighted_astar,pdb,1.5,easy,10,True,21,21,1.0,22,47,0.18
weighted_astar,pdb,1.5,easy,11,True,23,23,1.0,24,48,0.19
weighted_astar,pdb,1.5,easy,12,True,17,17,1.0,18,42,0.15
weighted_astar,pdb,1.5,easy,13,True,22,22,1.0,23,51,0.2
weighted_astar,pdb,1.5,easy,14,True,28,28,1.0,49,106,0.42
weighted_astar,pdb,1.5,easy,15,True,21,21,1.0,22,46,0.17
weighted_astar,pdb,1.5,easy,16,True,27,27,1.0,53,114,0.41
weighted_astar,pdb,1.5,easy,17,True,16,16,1.0,17,40,0.15
weighted_astar,pdb,1.5,easy,18,True,24,24,1.0,180,376,1.39
weighted_astar,pdb,1.5,easy,19,True,25,23,1.087,40,89,0.33
weighted_astar,pdb,1.5,medium,0,True,45,43,1.0465,503,1076,7.08
weighted_astar,pdb,1.5,medium,1,True,32,30,1.0667,314,667,3.36
weighted_astar,pdb,1.5,medium,2,True,33,33,1.0,73,157,0.69
weighted_astar,pdb,1.5,medium,3,True,37,35,1.0571,229,493,2.07
weighted_astar,pdb,1.5,medium,4,True,24,24,1.0,27,61,0.24
weighted_astar,pdb,1.5,medium,5,True,39,31,1.2581,1132,2349,9.32
weighted_astar,pdb,1.5,medium,6,True,27,27,1.0,39,88,0.96
weighted_astar,pdb,1.5,medium,7,True,37,33,1.1212,142,314,1.6
weighted_astar,pdb,1.5,medium,8,True,43,41,1.0488,767,1643,7.9
weighted_astar,pdb,1.5,medium,9,True,32,32,1.0,52,114,0.47
weighted_astar,pdb,1.5,medium,10,True,27,25,1.08,37,88,0.43
weighted_astar,pdb,1.5,medium,11,True,36,36,1.0,2352,4988,24.52
weighted_astar,pdb,1.5,medium,12,True,30,26,1.1538,750,1608,6.54
weighted_astar,pdb,1.5,medium,13,True,34,34,1.0,252,550,2.05
weighted_astar,pdb,1.5,medium,14,True,30,30,1.0,34,78,0.3
weighted_astar,pdb,1.5,medium,15,True,35,31,1.129,863,1851,8.97
weighted_astar,pdb,1.5,medium,16,True,26,26,1.0,32,72,0.3
weighted_astar,pdb,1.5,medium,17,True,21,21,1.0,32,69,0.27
weighted_astar,pdb,1.5,medium,18,True,40,38,1.0526,875,1841,7.27
weighted_astar,pdb,1.5,medium,19,True,20,20,1.0,64,136,0.52
weighted_astar,pdb,1.5,hard,0,True,36,36,1.0,214,470,2.0
weighted_astar,pdb,1.5,hard,1,True,37,35,1.0571,97,216,1.27
weighted_astar,pdb,1.5,hard,2,True,32,32,1.0,36,76,0.88
weighted_astar,pdb,1.5,hard,3,True,55,49,1.1224,498,1059,4.88
weighted_astar,pdb,1.5,hard,4,True,40,36,1.1111,262,590,2.47
weighted_astar,pdb,1.5,hard,5,True,40,40,1.0,940,1980,16.19
weighted_astar,pdb,1.5,hard,6,True,42,42,1.0,1441,3059,37.9
weighted_astar,pdb,1.5,hard,7,True,47,43,1.093,192,415,5.56
weighted_astar,pdb,1.5,hard,8,True,47,41,1.1463,634,1350,9.77
weighted_astar,pdb,1.5,hard,9,True,42,38,1.1053,1658,3502,24.88
weighted_astar,pdb,1.5,hard,10,True,39,39,1.0,82,181,0.92
weighted_astar,pdb,1.5,hard,11,True,53,45,1.1778,11169,23029,103.07
weighted_astar,pdb,1.5,hard,12,True,40,34,1.1765,105,231,1.0
weighted_astar,pdb,1.5,hard,13,True,42,42,1.0,199,422,1.64
weighted_astar,pdb,1.5,hard,14,True,46,42,1.0952,80,176,0.74
weighted_astar,pdb,1.5,hard,15,True,32,30,1.0667,242,494,2.15
weighted_astar,pdb,1.5,hard,16,True,35,31,1.129,84,181,0.71
weighted_astar,pdb,1.5,hard,17,True,36,34,1.0588,230,490,2.2
weighted_astar,pdb,1.5,hard,18,True,34,32,1.0625,2391,4918,20.49
weighted_astar,pdb,1.5,hard,19,True,32,30,1.0667,228,488,2.25
focal_search,pdb,1.5,easy,0,True,20,20,1.0,23,50,0.44
focal_search,pdb,1.5,easy,1,True,27,27,1.0,30,63,0.51
focal_search,pdb,1.5,easy,2,True,18,18,1.0,19,41,0.32
focal_search,pdb,1.5,easy,3,True,22,22,1.0,25,55,0.47
focal_search,pdb,1.5,easy,4,True,22,22,1.0,24,54,0.45
focal_search,pdb,1.5,easy,5,True,20,20,1.0,21,44,0.35
focal_search,pdb,1.5,easy,6,True,25,25,1.0,26,55,0.44
focal_search,pdb,1.5,easy,7,True,26,22,1.1818,35,82,0.65
focal_search,pdb,1.5,easy,8,True,24,24,1.0,26,59,0.47
focal_search,pdb,1.5,easy,9,True,13,13,1.0,14,30,0.23
focal_search,pdb,1.5,easy,10,True,21,21,1.0,22,47,0.38
focal_search,pdb,1.5,easy,11,True,23,23,1.0,24,48,0.38
focal_search,pdb,1.5,easy,12,True,17,17,1.0,18,42,0.43
focal_search,pdb,1.5,easy,13,True,22,22,1.0,23,51,0.52
focal_search,pdb,1.5,easy,14,True,34,28,1.2143,48,108,1.48
focal_search,pdb,1.5,easy,15,True,21,21,1.0,22,46,0.4
focal_search,pdb,1.5,easy,16,True,27,27,1.0,76,167,1.68
focal_search,pdb,1.5,easy,17,True,16,16,1.0,17,40,0.35
focal_search,pdb,1.5,easy,18,True,30,24,1.25,293,628,4.42
focal_search,pdb,1.5,easy,19,True,27,23,1.1739,35,79,0.61
focal_search,pdb,1.5,medium,0,True,51,43,1.186,616,1322,9.4
focal_search,pdb,1.5,medium,1,True,32,30,1.0667,370,795,5.45
focal_search,pdb,1.5,medium,2,True,43,33,1.303,414,863,6.05
focal_search,pdb,1.5,medium,3,True,45,35,1.2857,301,640,4.81
focal_search,pdb,1.5,medium,4,True,24,24,1.0,27,61,0.56
focal_search,pdb,1.5,medium,5,True,39,31,1.2581,2474,5150,37.43
focal_search,pdb,1.5,medium,6,True,27,27,1.0,36,81,0.63
focal_search,pdb,1.5,medium,7,True,37,33,1.1212,335,714,4.79
focal_search,pdb,1.5,medium,8,True,57,41,1.3902,94,203,1.53
focal_search,pdb,1.5,medium,9,True,48,32,1.5,1603,3437,23.71
focal_search,pdb,1.5,medium,10,True,27,25,1.08,30,71,0.55
focal_search,pdb,1.5,medium,11,True,38,36,1.0556,3373,7140,46.72
focal_search,pdb,1.5,medium,12,True,30,26,1.1538,847,1742,15.07
focal_search,pdb,1.5,medium,13,True,36,34,1.0588,933,1959,12.32
focal_search,pdb,1.5,medium,14,True,30,30,1.0,34,78,0.94
focal_search,pdb,1.5,medium,15,True,43,31,1.3871,472,1001,7.03
focal_search,pdb,1.5,medium,16,True,44,26,1.6923,187,405,2.88
focal_search,pdb,1.5,medium,17,True,21,21,1.0,36,80,0.57
focal_search,pdb,1.5,medium,18,True,42,38,1.1053,465,989,6.36
focal_search,pdb,1.5,medium,19,True,20,20,1.0,143,301,1.96
focal_search,pdb,1.5,hard,0,True,40,36,1.1111,68,155,1.32
focal_search,pdb,1.5,hard,1,True,45,35,1.2857,122,263,2.04
focal_search,pdb,1.5,hard,2,True,32,32,1.0,36,76,0.6
focal_search,pdb,1.5,hard,3,True,65,49,1.3265,16122,32613,227.21
focal_search,pdb,1.5,hard,4,True,44,36,1.2222,1112,2354,15.07
focal_search,pdb,1.5,hard,5,True,48,40,1.2,2683,5635,37.23
focal_search,pdb,1.5,hard,6,True,50,42,1.1905,571,1222,8.08
focal_search,pdb,1.5,hard,7,True,53,43,1.2326,350,745,5.09
focal_search,pdb,1.5,hard,8,True,61,41,1.4878,113,247,1.93
focal_search,pdb,1.5,hard,9,True,54,38,1.4211,3461,7304,48.19
focal_search,pdb,1.5,hard,10,True,51,39,1.3077,285,613,4.3
focal_search,pdb,1.5,hard,11,True,55,45,1.2222,5027,10430,70.71
focal_search,pdb,1.5,hard,12,True,46,34,1.3529,122,263,1.85
focal_search,pdb,1.5,hard,13,True,44,42,1.0476,70,150,1.15
focal_search,pdb,1.5,hard,14,True,50,42,1.1905,78,178,1.36
focal_search,pdb,1.5,hard,15,True,36,30,1.2,983,2076,13.11
focal_search,pdb,1.5,hard,16,True,45,31,1.4516,647,1358,9.24
focal_search,pdb,1.5,hard,17,True,42,34,1.2353,285,609,3.87
focal_search,pdb,1.5,hard,18,True,36,32,1.125,633,1327,8.54
focal_search,pdb,1.5,hard,19,True,42,30,1.4,268,574,3.75
ees,pdb,1.5,easy,0,True,20,20,1.0,23,50,0.57
ees,pdb,1.5,easy,1,True,27,27,1.0,30,63,0.62
ees,pdb,1.5,easy,2,True,18,18,1.0,19,41,0.4
ees,pdb,1.5,easy,3,True,22,22,1.0,25,55,0.61
ees,pdb,1.5,easy,4,True,22,22,1.0,24,54,0.54
ees,pdb,1.5,easy,5,True,20,20,1.0,21,44,0.46
ees,pdb,1.5,easy,6,True,25,25,1.0,26,55,0.56
ees,pdb,1.5,easy,7,True,26,22,1.1818,35,82,0.82
ees,pdb,1.5,easy,8,True,24,24,1.0,26,59,0.58
ees,pdb,1.5,easy,9,True,13,13,1.0,14,30,0.63
ees,pdb,1.5,easy,10,True,21,21,1.0,22,47,0.75
ees,pdb,1.5,easy,11,True,23,23,1.0,24,48,0.52
ees,pdb,1.5,easy,12,True,17,17,1.0,18,42,0.56
ees,pdb,1.5,easy,13,True,22,22,1.0,23,51,0.72
ees,pdb,1.5,easy,14,True,34,28,1.2143,48,108,1.19
ees,pdb,1.5,easy,15,True,21,21,1.0,22,46,0.47
ees,pdb,1.5,easy,16,True,27,27,1.0,76,167,1.65
ees,pdb,1.5,easy,17,True,16,16,1.0,17,40,0.45
ees,pdb,1.5,easy,18,True,30,24,1.25,293,628,7.22
ees,pdb,1.5,easy,19,True,27,23,1.1739,35,79,0.79
ees,pdb,1.5,medium,0,True,51,43,1.186,617,1323,14.33
ees,pdb,1.5,medium,1,True,32,30,1.0667,370,795,9.33
ees,pdb,1.5,medium,2,True,43,33,1.303,414,863,9.55
ees,pdb,1.5,medium,3,True,39,35,1.1143,818,1728,17.73
ees,pdb,1.5,medium,4,True,24,24,1.0,27,61,0.61
ees,pdb,1.5,medium,5,True,39,31,1.2581,2481,5167,55.35
ees,pdb,1.5,medium,6,True,27,27,1.0,36,81,0.85
ees,pdb,1.5,medium,7,True,37,33,1.1212,193,418,4.43
ees,pdb,1.5,medium,8,True,49,41,1.1951,74,160,1.81
ees,pdb,1.5,medium,9,True,44,32,1.375,436,957,9.5
ees,pdb,1.5,medium,10,True,27,25,1.08,30,71,0.69
ees,pdb,1.5,medium,11,True,38,36,1.0556,3373,7140,73.01
ees,pdb,1.5,medium,12,True,26,26,1.0,2488,3700,43.49
ees,pdb,1.5,medium,13,True,36,34,1.0588,933,1959,22.03
ees,pdb,1.5,medium,14,True,30,30,1.0,34,78,0.84
ees,pdb,1.5,medium,15,True,43,31,1.3871,472,1001,10.18
ees,pdb,1.5,medium,16,True,34,26,1.3077,315,662,7.53
ees,pdb,1.5,medium,17,True,21,21,1.0,31,67,0.62
ees,pdb,1.5,medium,18,True,42,38,1.1053,465,989,10.44
ees,pdb,1.5,medium,19,True,20,20,1.0,143,301,4.32
ees,pdb,1.5,hard,0,True,40,36,1.1111,68,155,1.62
ees,pdb,1.5,hard,1,True,45,35,1.2857,122,263,2.83
ees,pdb,1.5,hard,2,True,32,32,1.0,36,76,0.86
ees,pdb,1.5,hard,3,True,65,49,1.3265,16652,33646,372.15
ees,pdb,1.5,hard,4,True,44,36,1.2222,1112,2354,25.09
ees,pdb,1.5,hard,5,True,44,40,1.1,1283,2682,27.74
ees,pdb,1.5,hard,6,True,48,42,1.1429,7504,15580,184.35
ees,pdb,1.5,hard,7,True,53,43,1.2326,158,341,3.86
ees,pdb,1.5,hard,8,True,57,41,1.3902,899,1880,20.66
ees,pdb,1.5,hard,9,True,50,38,1.3158,6630,13950,177.04
ees,pdb,1.5,hard,10,True,51,39,1.3077,285,613,7.03
ees,pdb,1.5,hard,11,True,55,45,1.2222,5081,10538,124.94
ees,pdb,1.5,hard,12,True,46,34,1.3529,122,263,3.02
ees,pdb,1.5,hard,13,True,44,42,1.0476,70,150,1.51
ees,pdb,1.5,hard,14,True,50,42,1.1905,78,178,1.83
ees,pdb,1.5,hard,15,True,36,30,1.2,983,2076,25.59
ees,pdb,1.5,hard,16,True,37,31,1.1935,1214,2601,31.61
ees,pdb,1.5,hard,17,True,42,34,1.2353,285,609,6.28
ees,pdb,1.5,hard,18,True,36,32,1.125,633,1327,15.14
ees,pdb,1.5,hard,19,True,38,30,1.2667,318,678,8.45
weighted_astar,pdb,2.0,easy,0,True,20,20,1.0,23,50,0.24
weighted_astar,pdb,2.0,easy,1,True,27,27,1.0,30,63,0.28
weighted_astar,pdb,2.0,easy,2,True,18,18,1.0,19,41,0.17
weighted_astar,pdb,2.0,easy,3,True,22,22,1.0,25,55,0.21
weighted_astar,pdb,2.0,easy,4,True,22,22,1.0,24,54,0.21
weighted_astar,pdb,2.0,easy,5,True,20,20,1.0,21,44,0.18
weighted_astar,pdb,2.0,easy,6,True,25,25,1.0,26,55,0.25
weighted_astar,pdb,2.0,easy,7,True,22,22,1.0,31,70,0.39
weighted_astar,pdb,2.0,easy,8,True,24,24,1.0,27,61,0.32
weighted_astar,pdb,2.0,easy,9,True,13,13,1.0,14,30,0.13
weighted_astar,pdb,2.0,easy,10,True,21,21,1.0,22,47,0.33
weighted_astar,pdb,2.0,easy,11,True,23,23,1.0,24,48,0.21
weighted_astar,pdb,2.0,easy,12,True,17,17,1.0,18,42,0.33
weighted_astar,pdb,2.0,easy,13,True,22,22,1.0,23,51,0.31
weighted_astar,pdb,2.0,easy,14,True,28,28,1.0,70,154,0.65
weighted_astar,pdb,2.0,easy,15,True,21,21,1.0,22,46,0.19
weighted_astar,pdb,2.0,easy,16,True,27,27,1.0,50,107,0.42
weighted_astar,pdb,2.0,easy,17,True,16,16,1.0,17,40,0.15
weighted_astar,pdb,2.0,easy,18,True,28,24,1.1667,299,631,2.6
weighted_astar,pdb,2.0,easy,19,True,27,23,1.1739,36,81,0.35
weighted_astar,pdb,2.0,medium,0,True,47,43,1.093,119,252,1.69
weighted_astar,pdb,2.0,medium,1,True,32,30,1.0667,644,1338,7.33
weighted_astar,pdb,2.0,medium,2,True,33,33,1.0,114,252,1.19
weighted_astar,pdb,2.0,medium,3,True,37,35,1.0571,95,210,0.99
weighted_astar,pdb,2.0,medium,4,True,24,24,1.0,27,61,0.24
weighted_astar,pdb,2.0,medium,5,True,39,31,1.2581,1771,3686,17.32
weighted_astar,pdb,2.0,medium,6,True,27,27,1.0,36,81,0.36
weighted_astar,pdb,2.0,medium,7,True,37,33,1.1212,80,170,0.7
weighted_astar,pdb,2.0,medium,8,True,49,41,1.1951,75,161,0.69
weighted_astar,pdb,2.0,medium,9,True,32,32,1.0,65,141,0.61
weighted_astar,pdb,2.0,medium,10,True,27,25,1.08,31,74,0.28
weighted_astar,pdb,2.0,medium,11,True,40,36,1.1111,4239,8813,42.07
weighted_astar,pdb,2.0,medium,12,True,30,26,1.1538,559,1213,5.2
weighted_astar,pdb,2.0,medium,13,True,34,34,1.0,331,710,3.12
weighted_astar,pdb,2.0,medium,14,True,30,30,1.0,34,78,0.33
weighted_astar,pdb,2.0,medium,15,True,35,31,1.129,292,622,2.44
weighted_astar,pdb,2.0,medium,16,True,26,26,1.0,32,72,0.29
weighted_astar,pdb,2.0,medium,17,True,21,21,1.0,31,67,0.26
weighted_astar,pdb,2.0,medium,18,True,42,38,1.1053,688,1493,10.3
weighted_astar,pdb,2.0,medium,19,True,20,20,1.0,115,248,1.08
weighted_astar,pdb,2.0,hard,0,True,36,36,1.0,148,331,1.47
weighted_astar,pdb,2.0,hard,1,True,37,35,1.0571,69,154,0.73
weighted_astar,pdb,2.0,hard,2,True,32,32,1.0,36,76,0.34
weighted_astar,pdb,2.0,hard,3,True,55,49,1.1224,1093,2318,12.68
weighted_astar,pdb,2.0,hard,4,True,44,36,1.2222,275,595,2.69
weighted_astar,pdb,2.0,hard,5,True,44,40,1.1,918,1980,10.46
weighted_astar,pdb,2.0,hard,6,True,48,42,1.1429,942,2002,8.61
weighted_astar,pdb,2.0,hard,7,True,45,43,1.0465,351,759,4.27
weighted_astar,pdb,2.0,hard,8,True,53,41,1.2927,208,454,1.83
weighted_astar,pdb,2.0,hard,9,True,46,38,1.2105,2289,4789,21.48
weighted_astar,pdb,2.0,hard,10,True,39,39,1.0,311,661,2.53
weighted_astar,pdb,2.0,hard,11,True,59,45,1.3111,2121,4442,18.3
weighted_astar,pdb,2.0,hard,12,True,46,34,1.3529,424,914,4.52
weighted_astar,pdb,2.0,hard,13,True,44,42,1.0476,119,250,0.97
weighted_astar,pdb,2.0,hard,14,True,46,42,1.0952,68,152,0.64
weighted_astar,pdb,2.0,hard,15,True,34,30,1.1333,233,476,2.03
weighted_astar,pdb,2.0,hard,16,True,35,31,1.129,120,259,1.14
weighted_astar,pdb,2.0,hard,17,True,40,34,1.1765,690,1466,5.74
weighted_astar,pdb,2.0,hard,18,True,34,32,1.0625,532,1099,4.67
weighted_astar,pdb,2.0,hard,19,True,40,30,1.3333,181,406,1.72
focal_search,pdb,2.0,easy,0,True,20,20,1.0,23,50,0.46
focal_search,pdb,2.0,easy,1,True,27,27,1.0,30,63,0.49
focal_search,pdb,2.0,easy,2,True,18,18,1.0,19,41,0.32
focal_search,pdb,2.0,easy,3,True,22,22,1.0,25,55,0.47
focal_search,pdb,2.0,easy,4,True,22,22,1.0,24,54,0.57
focal_search,pdb,2.0,easy,5,True,20,20,1.0,21,44,0.35
focal_search,pdb,2.0,easy,6,True,25,25,1.0,26,55,0.45
focal_search,pdb,2.0,easy,7,True,26,22,1.1818,35,82,0.63
focal_search,pdb,2.0,easy,8,True,24,24,1.0,26,59,0.47
focal_search,pdb,2.0,easy,9,True,13,13,1.0,14,30,0.23
focal_search,pdb,2.0,easy,10,True,21,21,1.0,22,47,0.37
focal_search,pdb,2.0,easy,11,True,23,23,1.0,24,48,0.39
focal_search,pdb,2.0,easy,12,True,17,17,1.0,18,42,0.31
focal_search,pdb,2.0,easy,13,True,22,22,1.0,23,51,0.41
focal_search,pdb,2.0,easy,14,True,34,28,1.2143,48,108,0.83
focal_search,pdb,2.0,easy,15,True,21,21,1.0,22,46,0.35
focal_search,pdb,2.0,easy,16,True,27,27,1.0,87,190,1.42
focal_search,pdb,2.0,easy,17,True,16,16,1.0,17,40,0.31
focal_search,pdb,2.0,easy,18,True,34,24,1.4167,296,621,5.66
focal_search,pdb,2.0,easy,19,True,27,23,1.1739,35,79,0.68
focal_search,pdb,2.0,medium,0,True,63,43,1.4651,419,897,7.33
focal_search,pdb,2.0,medium,1,True,44,30,1.4667,341,730,5.73
focal_search,pdb,2.0,medium,2,True,49,33,1.4848,84,183,2.04
focal_search,pdb,2.0,medium,3,True,51,35,1.4571,188,403,4.57
focal_search,pdb,2.0,medium,4,True,24,24,1.0,27,61,0.59
focal_search,pdb,2.0,medium,5,True,53,31,1.7097,2057,4252,36.87
focal_search,pdb,2.0,medium,6,True,27,27,1.0,36,81,0.72
focal_search,pdb,2.0,medium,7,True,57,33,1.7273,1580,3316,24.4
focal_search,pdb,2.0,medium,8,True,57,41,1.3902,94,203,1.86
focal_search,pdb,2.0,medium,9,True,62,32,1.9375,585,1225,9.86
focal_search,pdb,2.0,medium,10,True,27,25,1.08,30,71,0.6
focal_search,pdb,2.0,medium,11,True,50,36,1.3889,1471,3097,24.44
focal_search,pdb,2.0,medium,12,True,34,26,1.3077,421,891,6.44
focal_search,pdb,2.0,medium,13,True,48,34,1.4118,91,201,1.57
focal_search,pdb,2.0,medium,14,True,30,30,1.0,34,78,0.64
focal_search,pdb,2.0,medium,15,True,49,31,1.5806,181,399,3.48
focal_search,pdb,2.0,medium,16,True,48,26,1.8462,170,371,2.92
focal_search,pdb,2.0,medium,17,True,21,21,1.0,36,80,0.64
focal_search,pdb,2.0,medium,18,True,44,38,1.1579,492,1057,7.71
focal_search,pdb,2.0,medium,19,True,28,20,1.4,329,697,5.21
focal_search,pdb,2.0,hard,0,True,40,36,1.1111,68,155,1.37
focal_search,pdb,2.0,hard,1,True,45,35,1.2857,124,266,2.17
focal_search,pdb,2.0,hard,2,True,32,32,1.0,36,76,0.68
focal_search,pdb,2.0,hard,3,True,85,49,1.7347,1056,2245,17.89
focal_search,pdb,2.0,hard,4,True,60,36,1.6667,214,457,3.49
focal_search,pdb,2.0,hard,5,True,64,40,1.6,1273,2669,20.04
focal_search,pdb,2.0,hard,6,True,68,42,1.619,1719,3639,28.9
focal_search,pdb,2.0,hard,7,True,71,43,1.6512,789,1655,14.33
focal_search,pdb,2.0,hard,8,True,61,41,1.4878,113,247,2.06
focal_search,pdb,2.0,hard,9,True,76,38,2.0,2072,4360,33.25
focal_search,pdb,2.0,hard,10,True,69,39,1.7692,394,843,6.89
focal_search,pdb,2.0,hard,11,True,75,45,1.6667,453,962,8.05
focal_search,pdb,2.0,hard,12,True,64,34,1.8824,171,367,3.04
focal_search,pdb,2.0,hard,13,True,44,42,1.0476,70,150,1.22
focal_search,pdb,2.0,hard,14,True,50,42,1.1905,78,178,1.43
focal_search,pdb,2.0,hard,15,True,52,30,1.7333,473,1020,7.67
focal_search,pdb,2.0,hard,16,True,61,31,1.9677,391,831,6.81
focal_search,pdb,2.0,hard,17,True,56,34,1.6471,689,1463,11.79
focal_search,pdb,2.0,hard,18,True,48,32,1.5,3882,8025,56.38
focal_search,pdb,2.0,hard,19,True,54,30,1.8,163,350,4.54
ees,pdb,2.0,easy,0,True,20,20,1.0,23,50,0.62
ees,pdb,2.0,easy,1,True,27,27,1.0,30,63,0.63
ees,pdb,2.0,easy,2,True,18,18,1.0,19,41,0.4
ees,pdb,2.0,easy,3,True,22,22,1.0,25,55,0.54
ees,pdb,2.0,easy,4,True,22,22,1.0,24,54,0.52
ees,pdb,2.0,easy,5,True,20,20,1.0,21,44,0.43
ees,pdb,2.0,easy,6,True,25,25,1.0,26,55,0.54
ees,pdb,2.0,easy,7,True,26,22,1.1818,35,82,0.79
ees,pdb,2.0,easy,8,True,24,24,1.0,26,59,0.58
ees,pdb,2.0,easy,9,True,13,13,1.0,14,30,0.28
ees,pdb,2.0,easy,10,True,21,21,1.0,22,47,0.45
ees,pdb,2.0,easy,11,True,23,23,1.0,24,48,0.49
ees,pdb,2.0,easy,12,True,17,17,1.0,18,42,0.39
ees,pdb,2.0,easy,13,True,22,22,1.0,23,51,0.51
ees,pdb,2.0,easy,14,True,34,28,1.2143,48,108,1.07
ees,pdb,2.0,easy,15,True,21,21,1.0,22,46,0.45
ees,pdb,2.0,easy,16,True,27,27,1.0,91,198,2.76
ees,pdb,2.0,easy,17,True,16,16,1.0,17,40,0.51
ees,pdb,2.0,easy,18,True,36,24,1.5,301,633,6.95
ees,pdb,2.0,easy,19,True,27,23,1.1739,35,79,0.79
ees,pdb,2.0,medium,0,True,63,43,1.4651,426,909,9.94
ees,pdb,2.0,medium,1,True,44,30,1.4667,341,730,7.66
ees,pdb,2.0,medium,2,True,49,33,1.4848,84,183,2.02
ees,pdb,2.0,medium,3,True,51,35,1.4571,188,403,3.97
ees,pdb,2.0,medium,4,True,24,24,1.0,27,61,0.59
ees,pdb,2.0,medium,5,True,53,31,1.7097,2512,5194,56.21
ees,pdb,2.0,medium,6,True,27,27,1.0,36,81,0.84
ees,pdb,2.0,medium,7,True,57,33,1.7273,628,1346,14.03
ees,pdb,2.0,medium,8,True,57,41,1.3902,94,203,2.22
ees,pdb,2.0,medium,9,True,60,32,1.875,750,1570,16.17
ees,pdb,2.0,medium,10,True,27,25,1.08,30,71,0.72
ees,pdb,2.0,medium,11,True,50,36,1.3889,1474,3103,35.72
ees,pdb,2.0,medium,12,True,34,26,1.3077,421,891,9.23
ees,pdb,2.0,medium,13,True,48,34,1.4118,91,201,2.45
ees,pdb,2.0,medium,14,True,30,30,1.0,34,78,1.09
ees,pdb,2.0,medium,15,True,49,31,1.5806,182,400,4.28
ees,pdb,2.0,medium,16,True,48,26,1.8462,171,373,3.69
ees,pdb,2.0,medium,17,True,21,21,1.0,36,80,0.78
ees,pdb,2.0,medium,18,True,44,38,1.1579,492,1057,10.94
ees,pdb,2.0,medium,19,True,28,20,1.4,329,697,6.88
ees,pdb,2.0,hard,0,True,40,36,1.1111,68,155,1.94
ees,pdb,2.0,hard,1,True,45,35,1.2857,124,266,2.83
ees,pdb,2.0,hard,2,True,32,32,1.0,36,76,0.8
ees,pdb,2.0,hard,3,True,85,49,1.7347,1057,2247,26.03
ees,pdb,2.0,hard,4,True,60,36,1.6667,214,457,5.23
ees,pdb,2.0,hard,5,True,58,40,1.45,1241,2648,28.19
ees,pdb,2.0,hard,6,True,64,42,1.5238,1879,3921,46.43
ees,pdb,2.0,hard,7,True,71,43,1.6512,778,1635,18.73
ees,pdb,2.0,hard,8,True,61,41,1.4878,113,247,3.09
ees,pdb,2.0,hard,9,True,68,38,1.7895,1882,3923,47.54
ees,pdb,2.0,hard,10,True,69,39,1.7692,395,844,10.26
ees,pdb,2.0,hard,11,True,75,45,1.6667,453,962,12.54
ees,pdb,2.0,hard,12,True,64,34,1.8824,171,367,4.58
ees,pdb,2.0,hard,13,True,44,42,1.0476,70,150,1.55
ees,pdb,2.0,hard,14,True,50,42,1.1905,78,178,2.04
ees,pdb,2.0,hard,15,True,52,30,1.7333,473,1020,12.48
ees,pdb,2.0,hard,16,True,53,31,1.7097,295,638,6.9
ees,pdb,2.0,hard,17,True,56,34,1.6471,702,1487,17.34
ees,pdb,2.0,hard,18,True,46,32,1.4375,4390,9033,102.26
ees,pdb,2.0,hard,19,True,46,30,1.5333,292,604,6.0
weighted_astar,pdb,3.0,easy,0,True,20,20,1.0,23,50,0.24
weighted_astar,pdb,3.0,easy,1,True,27,27,1.0,30,63,0.33
weighted_astar,pdb,3.0,easy,2,True,18,18,1.0,19,41,0.17
weighted_astar,pdb,3.0,easy,3,True,22,22,1.0,25,55,0.22
weighted_astar,pdb,3.0,easy,4,True,22,22,1.0,24,54,0.21
weighted_astar,pdb,3.0,easy,5,True,20,20,1.0,21,44,0.17
weighted_astar,pdb,3.0,easy,6,True,25,25,1.0,26,55,0.22
weighted_astar,pdb,3.0,easy,7,True,22,22,1.0,34,78,0.3
weighted_astar,pdb,3.0,easy,8,True,24,24,1.0,26,59,0.25
weighted_astar,pdb,3.0,easy,9,True,13,13,1.0,14,30,0.11
weighted_astar,pdb,3.0,easy,10,True,21,21,1.0,22,47,0.18
weighted_astar,pdb,3.0,easy,11,True,23,23,1.0,24,48,0.18
weighted_astar,pdb,3.0,easy,12,True,17,17,1.0,18,42,0.14
weighted_astar,pdb,3.0,easy,13,True,22,22,1.0,23,51,0.19
weighted_astar,pdb,3.0,easy,14,True,34,28,1.2143,57,129,0.48
weighted_astar,pdb,3.0,easy,15,True,21,21,1.0,22,46,0.17
weighted_astar,pdb,3.0,easy,16,True,27,27,1.0,51,110,0.4
weighted_astar,pdb,3.0,easy,17,True,16,16,1.0,17,40,0.15
weighted_astar,pdb,3.0,easy,18,True,34,24,1.4167,207,431,1.55
weighted_astar,pdb,3.0,easy,19,True,27,23,1.1739,36,81,0.56
weighted_astar,pdb,3.0,medium,0,True,53,43,1.2326,120,261,2.01
weighted_astar,pdb,3.0,medium,1,True,40,30,1.3333,1092,2280,9.34
weighted_astar,pdb,3.0,medium,2,True,39,33,1.1818,208,449,1.75
weighted_astar,pdb,3.0,medium,3,True,45,35,1.2857,134,301,1.17
weighted_astar,pdb,3.0,medium,4,True,24,24,1.0,27,61,0.23
weighted_astar,pdb,3.0,medium,5,True,47,31,1.5161,1766,3631,16.76
weighted_astar,pdb,3.0,medium,6,True,27,27,1.0,36,81,0.32
weighted_astar,pdb,3.0,medium,7,True,37,33,1.1212,82,178,0.97
weighted_astar,pdb,3.0,medium,8,True,49,41,1.1951,68,143,0.6
weighted_astar,pdb,3.0,medium,9,True,38,32,1.1875,59,130,0.61
weighted_astar,pdb,3.0,medium,10,True,27,25,1.08,31,74,0.35
weighted_astar,pdb,3.0,medium,11,True,54,36,1.5,2967,6214,26.02
weighted_astar,pdb,3.0,medium,12,True,34,26,1.3077,229,498,1.87
weighted_astar,pdb,3.0,medium,13,True,42,34,1.2353,170,368,1.43
weighted_astar,pdb,3.0,medium,14,True,30,30,1.0,34,78,0.3
weighted_astar,pdb,3.0,medium,15,True,37,31,1.1935,420,906,3.66
weighted_astar,pdb,3.0,medium,16,True,26,26,1.0,32,72,0.28
weighted_astar,pdb,3.0,medium,17,True,21,21,1.0,31,67,0.24
weighted_astar,pdb,3.0,medium,18,True,42,38,1.1053,1092,2306,9.01
weighted_astar,pdb,3.0,medium,19,True,32,20,1.6,365,752,2.79
weighted_astar,pdb,3.0,hard,0,True,56,36,1.5556,293,632,3.44
weighted_astar,pdb,3.0,hard,1,True,37,35,1.0571,156,343,1.29
weighted_astar,pdb,3.0,hard,2,True,32,32,1.0,36,76,0.31
weighted_astar,pdb,3.0,hard,3,True,65,49,1.3265,456,964,3.74
weighted_astar,pdb,3.0,hard,4,True,46,36,1.2778,237,520,2.03
weighted_astar,pdb,3.0,hard,5,True,54,40,1.35,1569,3286,14.42
weighted_astar,pdb,3.0,hard,6,True,52,42,1.2381,212,467,1.95
weighted_astar,pdb,3.0,hard,7,True,53,43,1.2326,191,409,1.57
weighted_astar,pdb,3.0,hard,8,True,69,41,1.6829,1187,2507,10.37
weighted_astar,pdb,3.0,hard,9,True,48,38,1.2632,1897,3964,16.01
weighted_astar,pdb,3.0,hard,10,True,57,39,1.4615,261,566,2.18
weighted_astar,pdb,3.0,hard,11,True,61,45,1.3556,1715,3574,15.03
weighted_astar,pdb,3.0,hard,12,True,46,34,1.3529,68,149,0.63
weighted_astar,pdb,3.0,hard,13,True,44,42,1.0476,78,165,0.63
weighted_astar,pdb,3.0,hard,14,True,50,42,1.1905,78,177,0.71
weighted_astar,pdb,3.0,hard,15,True,34,30,1.1333,208,431,1.65
weighted_astar,pdb,3.0,hard,16,True,51,31,1.6452,419,880,3.32
weighted_astar,pdb,3.0,hard,17,True,42,34,1.2353,810,1719,8.17
weighted_astar,pdb,3.0,hard,18,True,38,32,1.1875,467,965,3.58
weighted_astar,pdb,3.0,hard,19,True,40,30,1.3333,237,522,1.98
focal_search,pdb,3.0,easy,0,True,20,20,1.0,23,50,0.44
focal_search,pdb,3.0,easy,1,True,27,27,1.0,30,63,0.47
focal_search,pdb,3.0,easy,2,True,18,18,1.0,19,41,0.3
focal_search,pdb,3.0,easy,3,True,22,22,1.0,25,55,0.4
focal_search,pdb,3.0,easy,4,True,22,22,1.0,24,54,0.51
focal_search,pdb,3.0,easy,5,True,20,20,1.0,21,44,0.33
focal_search,pdb,3.0,easy,6,True,25,25,1.0,26,55,0.41
focal_search,pdb,3.0,easy,7,True,26,22,1.1818,35,82,0.6
focal_search,pdb,3.0,easy,8,True,24,24,1.0,26,59,0.45
focal_search,pdb,3.0,easy,9,True,13,13,1.0,14,30,0.22
focal_search,pdb,3.0,easy,10,True,21,21,1.0,22,47,0.35
focal_search,pdb,3.0,easy,11,True,23,23,1.0,24,48,0.36
focal_search,pdb,3.0,easy,12,True,17,17,1.0,18,42,0.3
focal_search,pdb,3.0,easy,13,True,22,22,1.0,23,51,0.38
focal_search,pdb,3.0,easy,14,True,34,28,1.2143,48,108,0.84
focal_search,pdb,3.0,easy,15,True,21,21,1.0,22,46,0.35
focal_search,pdb,3.0,easy,16,True,27,27,1.0,87,190,1.4
focal_search,pdb,3.0,easy,17,True,16,16,1.0,17,40,0.29
focal_search,pdb,3.0,easy,18,True,58,24,2.4167,221,475,4.74
focal_search,pdb,3.0,easy,19,True,27,23,1.1739,35,79,0.64
focal_search,pdb,3.0,medium,0,True,73,43,1.6977,210,457,3.85
focal_search,pdb,3.0,medium,1,True,64,30,2.1333,1687,3540,29.73
focal_search,pdb,3.0,medium,2,True,49,33,1.4848,84,183,1.43
focal_search,pdb,3.0,medium,3,True,51,35,1.4571,188,403,3.06
focal_search,pdb,3.0,medium,4,True,24,24,1.0,27,61,0.47
focal_search,pdb,3.0,medium,5,True,61,31,1.9677,919,1915,15.78
focal_search,pdb,3.0,medium,6,True,27,27,1.0,36,81,0.63
focal_search,pdb,3.0,medium,7,True,85,33,2.5758,1161,2453,21.22
focal_search,pdb,3.0,medium,8,True,57,41,1.3902,94,203,1.85
focal_search,pdb,3.0,medium,9,True,94,32,2.9375,500,1064,8.58
focal_search,pdb,3.0,medium,10,True,27,25,1.08,30,71,0.74
focal_search,pdb,3.0,medium,11,True,66,36,1.8333,377,802,6.67
focal_search,pdb,3.0,medium,12,True,42,26,1.6154,153,332,3.8
focal_search,pdb,3.0,medium,13,True,48,34,1.4118,131,292,2.22
focal_search,pdb,3.0,medium,14,True,30,30,1.0,34,78,0.6
focal_search,pdb,3.0,medium,15,True,49,31,1.5806,181,399,3.2
focal_search,pdb,3.0,medium,16,True,48,26,1.8462,170,371,2.79
focal_search,pdb,3.0,medium,17,True,21,21,1.0,36,80,0.59
focal_search,pdb,3.0,medium,18,True,84,38,2.2105,490,1018,8.4
focal_search,pdb,3.0,medium,19,True,42,20,2.1,146,322,2.49
focal_search,pdb,3.0,hard,0,True,40,36,1.1111,68,155,1.76
focal_search,pdb,3.0,hard,1,True,45,35,1.2857,124,266,2.21
focal_search,pdb,3.0,hard,2,True,32,32,1.0,36,76,0.63
focal_search,pdb,3.0,hard,3,True,105,49,2.1429,299,648,6.27
focal_search,pdb,3.0,hard,4,True,62,36,1.7222,159,350,2.97
focal_search,pdb,3.0,hard,5,True,86,40,2.15,316,688,5.27
focal_search,pdb,3.0,hard,6,True,90,42,2.1429,909,1949,16.27
focal_search,pdb,3.0,hard,7,True,71,43,1.6512,789,1655,15.07
focal_search,pdb,3.0,hard,8,True,61,41,1.4878,113,247,2.09
focal_search,pdb,3.0,hard,9,True,110,38,2.8947,748,1591,12.61
focal_search,pdb,3.0,hard,10,True,95,39,2.4359,1854,3872,31.09
focal_search,pdb,3.0,hard,11,True,75,45,1.6667,461,977,7.57
focal_search,pdb,3.0,hard,12,True,64,34,1.8824,171,367,2.73
focal_search,pdb,3.0,hard,13,True,44,42,1.0476,70,150,2.08
focal_search,pdb,3.0,hard,14,True,50,42,1.1905,78,178,1.6
focal_search,pdb,3.0,hard,15,True,74,30,2.4667,522,1102,8.05
focal_search,pdb,3.0,hard,16,True,79,31,2.5484,402,851,6.37
focal_search,pdb,3.0,hard,17,True,80,34,2.3529,1320,2776,21.14
focal_search,pdb,3.0,hard,18,True,70,32,2.1875,748,1572,11.82
focal_search,pdb,3.0,hard,19,True,54,30,1.8,163,350,2.77
ees,pdb,3.0,easy,0,True,20,20,1.0,23,50,0.61
ees,pdb,3.0,easy,1,True,27,27,1.0,30,63,0.63
ees,pdb,3.0,easy,2,True,18,18,1.0,19,41,0.46
ees,pdb,3.0,easy,3,True,22,22,1.0,25,55,0.56
ees,pdb,3.0,easy,4,True,22,22,1.0,24,54,0.53
ees,pdb,3.0,easy,5,True,20,20,1.0,21,44,0.44
ees,pdb,3.0,easy,6,True,25,25,1.0,26,55,0.56
ees,pdb,3.0,easy,7,True,26,22,1.1818,35,82,0.82
ees,pdb,3.0,easy,8,True,24,24,1.0,26,59,0.58
ees,pdb,3.0,easy,9,True,13,13,1.0,14,30,0.32
ees,pdb,3.0,easy,10,True,21,21,1.0,22,47,0.61
ees,pdb,3.0,easy,11,True,23,23,1.0,24,48,0.74
ees,pdb,3.0,easy,12,True,17,17,1.0,18,42,0.82
ees,pdb,3.0,easy,13,True,22,22,1.0,23,51,0.81
ees,pdb,3.0,easy,14,True,34,28,1.2143,48,108,1.41
ees,pdb,3.0,easy,15,True,21,21,1.0,22,46,0.52
ees,pdb,3.0,easy,16,True,27,27,1.0,91,198,3.39
ees,pdb,3.0,easy,17,True,16,16,1.0,17,40,0.45
ees,pdb,3.0,easy,18,True,58,24,2.4167,221,475,4.79
ees,pdb,3.0,easy,19,True,27,23,1.1739,35,79,0.79
ees,pdb,3.0,medium,0,True,73,43,1.6977,210,457,4.95
ees,pdb,3.0,medium,1,True,64,30,2.1333,1790,3738,42.77
ees,pdb,3.0,medium,2,True,49,33,1.4848,84,183,2.6
ees,pdb,3.0,medium,3,True,51,35,1.4571,188,403,4.15
ees,pdb,3.0,medium,4,True,24,24,1.0,27,61,0.62
ees,pdb,3.0,medium,5,True,61,31,1.9677,944,1968,22.09
ees,pdb,3.0,medium,6,True,27,27,1.0,36,81,0.8
ees,pdb,3.0,medium,7,True,85,33,2.5758,1421,2990,32.32
ees,pdb,3.0,medium,8,True,57,41,1.3902,94,203,2.33
ees,pdb,3.0,medium,9,True,90,32,2.8125,641,1356,14.96
ees,pdb,3.0,medium,10,True,27,25,1.08,30,71,0.86
ees,pdb,3.0,medium,11,True,66,36,1.8333,379,806,8.49
ees,pdb,3.0,medium,12,True,42,26,1.6154,153,332,3.45
ees,pdb,3.0,medium,13,True,48,34,1.4118,131,292,3.18
ees,pdb,3.0,medium,14,True,30,30,1.0,34,78,0.94
ees,pdb,3.0,medium,15,True,49,31,1.5806,182,400,4.25
ees,pdb,3.0,medium,16,True,48,26,1.8462,171,373,3.93
ees,pdb,3.0,medium,17,True,21,21,1.0,36,80,0.86
ees,pdb,3.0,medium,18,True,70,38,1.8421,258,543,6.03
ees,pdb,3.0,medium,19,True,42,20,2.1,148,325,3.37
ees,pdb,3.0,hard,0,True,40,36,1.1111,68,155,1.62
ees,pdb,3.0,hard,1,True,45,35,1.2857,124,266,2.97
ees,pdb,3.0,hard,2,True,32,32,1.0,36,76,0.76
ees,pdb,3.0,hard,3,True,105,49,2.1429,299,648,7.93
ees,pdb,3.0,hard,4,True,62,36,1.7222,159,350,3.91
ees,pdb,3.0,hard,5,True,86,40,2.15,316,688,7.41
ees,pdb,3.0,hard,6,True,90,42,2.1429,591,1276,14.68
ees,pdb,3.0,hard,7,True,71,43,1.6512,801,1679,18.56
ees,pdb,3.0,hard,8,True,61,41,1.4878,113,247,3.32
ees,pdb,3.0,hard,9,True,96,38,2.5263,1393,2915,32.2
ees,pdb,3.0,hard,10,True,105,39,2.6923,1543,3238,35.24
ees,pdb,3.0,hard,11,True,75,45,1.6667,461,977,9.85
ees,pdb,3.0,hard,12,True,64,34,1.8824,171,367,3.89
ees,pdb,3.0,hard,13,True,44,42,1.0476,70,150,1.57
ees,pdb,3.0,hard,14,True,50,42,1.1905,78,178,1.77
ees,pdb,3.0,hard,15,True,74,30,2.4667,526,1111,11.31
ees,pdb,3.0,hard,16,True,79,31,2.5484,406,859,9.65
ees,pdb,3.0,hard,17,True,80,34,2.3529,1445,3028,34.21
ees,pdb,3.0,hard,18,True,70,32,2.1875,889,1877,21.0
ees,pdb,3.0,hard,19,True,54,30,1.8,163,350,3.74
